[
  {
    "_id": "6978f17fc2d13ba1632e63d2",
    "user": "69767b68ff5bfa36a54698a3",
    "action": "CREATE_SPRINT",
    "resource": "Sprint: 6978f17fc2d13ba1632e63d0",
    "details": {
      "name": "addd fast work"
    },
    "ipAddress": "::1",
    "userAgent": "Mozilla/5.0 (Windows NT 10.0; Win64; x64) AppleWebKit/537.36 (KHTML, like Gecko) Chrome/144.0.0.0 Safari/537.36",
    "createdAt": "2026-01-27T17:10:23.143Z",
    "updatedAt": "2026-01-27T17:10:23.143Z",
    "__v": 0
  },
  {
    "_id": "6978f1b8c2d13ba1632e63dd",
    "user": "69767b68ff5bfa36a54698a3",
    "action": "CREATE_RUBRIC",
    "resource": "Rubric: 6978f1b8c2d13ba1632e63da",
    "details": {
      "name": "code quality"
    },
    "ipAddress": "::1",
    "userAgent": "Mozilla/5.0 (Windows NT 10.0; Win64; x64) AppleWebKit/537.36 (KHTML, like Gecko) Chrome/144.0.0.0 Safari/537.36",
    "createdAt": "2026-01-27T17:11:20.860Z",
    "updatedAt": "2026-01-27T17:11:20.860Z",
    "__v": 0
  },
  {
    "_id": "6978f3f1c2d13ba1632e655a",
    "user": "69767c9bff5bfa36a54698c3",
    "action": "SUBMIT_EVALUATION",
    "resource": "Project: 6976c606faee1340da5b7446",
    "details": {
      "score": 6
    },
    "ipAddress": "::1",
    "userAgent": "Mozilla/5.0 (Windows NT 10.0; Win64; x64) AppleWebKit/537.36 (KHTML, like Gecko) Chrome/144.0.0.0 Safari/537.36",
    "createdAt": "2026-01-27T17:20:49.050Z",
    "updatedAt": "2026-01-27T17:20:49.050Z",
    "__v": 0
  },
  {
    "_id": "6978f598c2d13ba1632e6737",
    "user": "69767c9bff5bfa36a54698c3",
    "action": "SUBMIT_EVALUATION",
    "resource": "Project: 6976c606faee1340da5b7446",
    "details": {
      "score": 6
    },
    "ipAddress": "::1",
    "userAgent": "Mozilla/5.0 (Windows NT 10.0; Win64; x64) AppleWebKit/537.36 (KHTML, like Gecko) Chrome/144.0.0.0 Safari/537.36",
    "createdAt": "2026-01-27T17:27:52.659Z",
    "updatedAt": "2026-01-27T17:27:52.659Z",
    "__v": 0
  },
  {
    "_id": "6978f73ac2d13ba1632e6856",
    "user": "69767c9bff5bfa36a54698c3",
    "action": "SUBMIT_EVALUATION",
    "resource": "Project: 6976c606faee1340da5b7446",
    "details": {
      "score": 5
    },
    "ipAddress": "::1",
    "userAgent": "Mozilla/5.0 (Windows NT 10.0; Win64; x64) AppleWebKit/537.36 (KHTML, like Gecko) Chrome/144.0.0.0 Safari/537.36",
    "createdAt": "2026-01-27T17:34:50.622Z",
    "updatedAt": "2026-01-27T17:34:50.622Z",
    "__v": 0
  },
  {
    "_id": "6978f743c2d13ba1632e685c",
    "user": "69767c9bff5bfa36a54698c3",
    "action": "SUBMIT_EVALUATION",
    "resource": "Project: 6976c606faee1340da5b7446",
    "details": {
      "score": 1
    },
    "ipAddress": "::1",
    "userAgent": "Mozilla/5.0 (Windows NT 10.0; Win64; x64) AppleWebKit/537.36 (KHTML, like Gecko) Chrome/144.0.0.0 Safari/537.36",
    "createdAt": "2026-01-27T17:34:59.607Z",
    "updatedAt": "2026-01-27T17:34:59.607Z",
    "__v": 0
  },
  {
    "_id": "6978f9c3c2d13ba1632e69e0",
    "user": "69767b68ff5bfa36a54698a3",
    "action": "CREATE_SPRINT",
    "resource": "Sprint: 6978f9c3c2d13ba1632e69de",
    "details": {
      "name": "add slow"
    },
    "ipAddress": "::1",
    "userAgent": "Mozilla/5.0 (Windows NT 10.0; Win64; x64) AppleWebKit/537.36 (KHTML, like Gecko) Chrome/144.0.0.0 Safari/537.36",
    "createdAt": "2026-01-27T17:45:39.502Z",
    "updatedAt": "2026-01-27T17:45:39.502Z",
    "__v": 0
  },
  {
    "_id": "6978fe09c2d13ba1632e6ca1",
    "user": "69767c9bff5bfa36a54698c3",
    "action": "CREATE_SPRINT",
    "resource": "Sprint: 6978fe09c2d13ba1632e6c9f",
    "details": {
      "name": "solve for ingardients"
    },
    "ipAddress": "::1",
    "userAgent": "Mozilla/5.0 (Windows NT 10.0; Win64; x64) AppleWebKit/537.36 (KHTML, like Gecko) Chrome/144.0.0.0 Safari/537.36",
    "createdAt": "2026-01-27T18:03:53.629Z",
    "updatedAt": "2026-01-27T18:03:53.629Z",
    "__v": 0
  },
  {
    "_id": "6978fe2dc2d13ba1632e6ca9",
    "user": "69767c9bff5bfa36a54698c3",
    "action": "CREATE_SPRINT",
    "resource": "Sprint: 6978fe2dc2d13ba1632e6ca7",
    "details": {
      "name": "how to mix that"
    },
    "ipAddress": "::1",
    "userAgent": "Mozilla/5.0 (Windows NT 10.0; Win64; x64) AppleWebKit/537.36 (KHTML, like Gecko) Chrome/144.0.0.0 Safari/537.36",
    "createdAt": "2026-01-27T18:04:29.709Z",
    "updatedAt": "2026-01-27T18:04:29.709Z",
    "__v": 0
  },
  {
    "_id": "6978fe3dc2d13ba1632e6cb1",
    "user": "69767c9bff5bfa36a54698c3",
    "action": "CREATE_SPRINT",
    "resource": "Sprint: 6978fe3dc2d13ba1632e6caf",
    "details": {
      "name": "create a bom"
    },
    "ipAddress": "::1",
    "userAgent": "Mozilla/5.0 (Windows NT 10.0; Win64; x64) AppleWebKit/537.36 (KHTML, like Gecko) Chrome/144.0.0.0 Safari/537.36",
    "createdAt": "2026-01-27T18:04:45.939Z",
    "updatedAt": "2026-01-27T18:04:45.939Z",
    "__v": 0
  },
  {
    "_id": "6978fec9c2d13ba1632e6d3a",
    "user": "69767b68ff5bfa36a54698a3",
    "action": "CREATE_RUBRIC",
    "resource": "Rubric: 6978fec9c2d13ba1632e6d36",
    "details": {
      "name": "check items"
    },
    "ipAddress": "::1",
    "userAgent": "Mozilla/5.0 (Windows NT 10.0; Win64; x64) AppleWebKit/537.36 (KHTML, like Gecko) Chrome/144.0.0.0 Safari/537.36",
    "createdAt": "2026-01-27T18:07:05.395Z",
    "updatedAt": "2026-01-27T18:07:05.395Z",
    "__v": 0
  },
  {
    "_id": "6978ffd2c2d13ba1632e6ef4",
    "user": "69767c9bff5bfa36a54698c3",
    "action": "SUBMIT_EVALUATION",
    "resource": "Project: 6978fceac2d13ba1632e6aae",
    "details": {
      "score": 68
    },
    "ipAddress": "::1",
    "userAgent": "Mozilla/5.0 (Windows NT 10.0; Win64; x64) AppleWebKit/537.36 (KHTML, like Gecko) Chrome/144.0.0.0 Safari/537.36",
    "createdAt": "2026-01-27T18:11:30.085Z",
    "updatedAt": "2026-01-27T18:11:30.085Z",
    "__v": 0
  },
  {
    "_id": "69790598c2d13ba1632e712c",
    "user": "69767c9bff5bfa36a54698c3",
    "action": "CREATE_SPRINT",
    "resource": "Sprint: 69790598c2d13ba1632e712a",
    "details": {
      "name": "all done"
    },
    "ipAddress": "::1",
    "userAgent": "Mozilla/5.0 (Windows NT 10.0; Win64; x64) AppleWebKit/537.36 (KHTML, like Gecko) Chrome/144.0.0.0 Safari/537.36",
    "createdAt": "2026-01-27T18:36:08.595Z",
    "updatedAt": "2026-01-27T18:36:08.595Z",
    "__v": 0
  },
  {
    "_id": "697b8727e66e6e626265aa7b",
    "user": "69767c9bff5bfa36a54698c3",
    "action": "CREATE_SPRINT",
    "resource": "Sprint: 697b8727e66e6e626265aa79",
    "details": {
      "name": "FIRST ADD THE ENGINE "
    },
    "ipAddress": "::1",
    "userAgent": "Mozilla/5.0 (Windows NT 10.0; Win64; x64) AppleWebKit/537.36 (KHTML, like Gecko) Chrome/144.0.0.0 Safari/537.36",
    "createdAt": "2026-01-29T16:13:27.778Z",
    "updatedAt": "2026-01-29T16:13:27.778Z",
    "__v": 0
  },
  {
    "_id": "697b8741e66e6e626265aa83",
    "user": "69767c9bff5bfa36a54698c3",
    "action": "CREATE_SPRINT",
    "resource": "Sprint: 697b8741e66e6e626265aa81",
    "details": {
      "name": "ADD THE LEVAL FAST WORK"
    },
    "ipAddress": "::1",
    "userAgent": "Mozilla/5.0 (Windows NT 10.0; Win64; x64) AppleWebKit/537.36 (KHTML, like Gecko) Chrome/144.0.0.0 Safari/537.36",
    "createdAt": "2026-01-29T16:13:53.981Z",
    "updatedAt": "2026-01-29T16:13:53.981Z",
    "__v": 0
  },
  {
    "_id": "697b8751e66e6e626265aa8b",
    "user": "69767c9bff5bfa36a54698c3",
    "action": "CREATE_SPRINT",
    "resource": "Sprint: 697b8751e66e6e626265aa89",
    "details": {
      "name": "ADD THE FAST PRO"
    },
    "ipAddress": "::1",
    "userAgent": "Mozilla/5.0 (Windows NT 10.0; Win64; x64) AppleWebKit/537.36 (KHTML, like Gecko) Chrome/144.0.0.0 Safari/537.36",
    "createdAt": "2026-01-29T16:14:09.843Z",
    "updatedAt": "2026-01-29T16:14:09.843Z",
    "__v": 0
  },
  {
    "_id": "697dd36f71ae15a98e8772fe",
    "user": "69767b68ff5bfa36a54698a3",
    "action": "CREATE_RUBRIC",
    "resource": "Rubric: 697dd36f71ae15a98e8772fa",
    "details": {
      "name": "Sprint 1 review"
    },
    "ipAddress": "::1",
    "userAgent": "Mozilla/5.0 (Windows NT 10.0; Win64; x64) AppleWebKit/537.36 (KHTML, like Gecko) Chrome/144.0.0.0 Safari/537.36",
    "createdAt": "2026-01-31T10:03:27.853Z",
    "updatedAt": "2026-01-31T10:03:27.853Z",
    "__v": 0
  },
  {
    "_id": "697dd38571ae15a98e877306",
    "user": "69767b68ff5bfa36a54698a3",
    "action": "CREATE_RUBRIC",
    "resource": "Rubric: 697dd38471ae15a98e877303",
    "details": {
      "name": "presentation"
    },
    "ipAddress": "::1",
    "userAgent": "Mozilla/5.0 (Windows NT 10.0; Win64; x64) AppleWebKit/537.36 (KHTML, like Gecko) Chrome/144.0.0.0 Safari/537.36",
    "createdAt": "2026-01-31T10:03:49.023Z",
    "updatedAt": "2026-01-31T10:03:49.023Z",
    "__v": 0
  },
  {
    "_id": "697dd46571ae15a98e877353",
    "user": "69767c9bff5bfa36a54698c3",
    "action": "SUBMIT_EVALUATION",
    "resource": "Project: 697b8488e66e6e626265a5e8",
    "details": {
      "score": 20
    },
    "ipAddress": "::1",
    "userAgent": "Mozilla/5.0 (Windows NT 10.0; Win64; x64) AppleWebKit/537.36 (KHTML, like Gecko) Chrome/144.0.0.0 Safari/537.36",
    "createdAt": "2026-01-31T10:07:33.156Z",
    "updatedAt": "2026-01-31T10:07:33.156Z",
    "__v": 0
  },
  {
    "_id": "697dd47071ae15a98e87735e",
    "user": "69767c9bff5bfa36a54698c3",
    "action": "SUBMIT_EVALUATION",
    "resource": "Project: 697b8488e66e6e626265a5e8",
    "details": {
      "score": 5
    },
    "ipAddress": "::1",
    "userAgent": "Mozilla/5.0 (Windows NT 10.0; Win64; x64) AppleWebKit/537.36 (KHTML, like Gecko) Chrome/144.0.0.0 Safari/537.36",
    "createdAt": "2026-01-31T10:07:44.132Z",
    "updatedAt": "2026-01-31T10:07:44.132Z",
    "__v": 0
  },
  {
    "_id": "697dd5d871ae15a98e87736a",
    "user": "69767c9bff5bfa36a54698c3",
    "action": "SUBMIT_EVALUATION",
    "resource": "Project: 697b8488e66e6e626265a5e8",
    "details": {
      "score": 0
    },
    "ipAddress": "::1",
    "userAgent": "Mozilla/5.0 (Windows NT 10.0; Win64; x64) AppleWebKit/537.36 (KHTML, like Gecko) Chrome/144.0.0.0 Safari/537.36",
    "createdAt": "2026-01-31T10:13:44.158Z",
    "updatedAt": "2026-01-31T10:13:44.158Z",
    "__v": 0
  },
  {
    "_id": "69839edfe7d03a1cdaeb5ac1",
    "user": "69767c9bff5bfa36a54698c3",
    "action": "CREATE_SPRINT",
    "resource": "Sprint: 69839edfe7d03a1cdaeb5abf",
    "details": {
      "name": "create file"
    },
    "ipAddress": "::1",
    "userAgent": "Mozilla/5.0 (Windows NT 10.0; Win64; x64) AppleWebKit/537.36 (KHTML, like Gecko) Chrome/144.0.0.0 Safari/537.36",
    "createdAt": "2026-02-04T19:32:47.568Z",
    "updatedAt": "2026-02-04T19:32:47.568Z",
    "__v": 0
  },
  {
    "_id": "69839ef3e7d03a1cdaeb5aca",
    "user": "69767c9bff5bfa36a54698c3",
    "action": "CREATE_SPRINT",
    "resource": "Sprint: 69839ef3e7d03a1cdaeb5ac8",
    "details": {
      "name": "create database model"
    },
    "ipAddress": "::1",
    "userAgent": "Mozilla/5.0 (Windows NT 10.0; Win64; x64) AppleWebKit/537.36 (KHTML, like Gecko) Chrome/144.0.0.0 Safari/537.36",
    "createdAt": "2026-02-04T19:33:07.617Z",
    "updatedAt": "2026-02-04T19:33:07.617Z",
    "__v": 0
  },
  {
    "_id": "6983a9c76ffdf6d6d5c7c039",
    "user": "69767c9bff5bfa36a54698c3",
    "action": "CREATE_SPRINT",
    "resource": "Sprint: 6983a9c66ffdf6d6d5c7c033",
    "details": {
      "name": "Sprint 1: Foundation & Core AI Integration"
    },
    "ipAddress": "::1",
    "userAgent": "Mozilla/5.0 (Windows NT 10.0; Win64; x64) AppleWebKit/537.36 (KHTML, like Gecko) Chrome/144.0.0.0 Safari/537.36",
    "createdAt": "2026-02-04T20:19:19.063Z",
    "updatedAt": "2026-02-04T20:19:19.063Z",
    "__v": 0
  },
  {
    "_id": "6983a9c76ffdf6d6d5c7c03b",
    "user": "69767c9bff5bfa36a54698c3",
    "action": "CREATE_SPRINT",
    "resource": "Sprint: 6983a9c76ffdf6d6d5c7c035",
    "details": {
      "name": "Sprint 2: User Interface & Basic Interaction"
    },
    "ipAddress": "::1",
    "userAgent": "Mozilla/5.0 (Windows NT 10.0; Win64; x64) AppleWebKit/537.36 (KHTML, like Gecko) Chrome/144.0.0.0 Safari/537.36",
    "createdAt": "2026-02-04T20:19:19.065Z",
    "updatedAt": "2026-02-04T20:19:19.065Z",
    "__v": 0
  },
  {
    "_id": "6983a9c76ffdf6d6d5c7c03d",
    "user": "69767c9bff5bfa36a54698c3",
    "action": "CREATE_SPRINT",
    "resource": "Sprint: 6983a9c76ffdf6d6d5c7c037",
    "details": {
      "name": "Sprint 3: Refinement, Testing & Deployment Prep"
    },
    "ipAddress": "::1",
    "userAgent": "Mozilla/5.0 (Windows NT 10.0; Win64; x64) AppleWebKit/537.36 (KHTML, like Gecko) Chrome/144.0.0.0 Safari/537.36",
    "createdAt": "2026-02-04T20:19:19.070Z",
    "updatedAt": "2026-02-04T20:19:19.070Z",
    "__v": 0
  },
  {
    "_id": "6983a9c76ffdf6d6d5c7c047",
    "user": "69767c9bff5bfa36a54698c3",
    "action": "CREATE_RUBRIC",
    "resource": "Rubric: 6983a9c76ffdf6d6d5c7c03f",
    "details": {
      "name": "Performance Rubric for career guidance chatboat"
    },
    "ipAddress": "::1",
    "userAgent": "Mozilla/5.0 (Windows NT 10.0; Win64; x64) AppleWebKit/537.36 (KHTML, like Gecko) Chrome/144.0.0.0 Safari/537.36",
    "createdAt": "2026-02-04T20:19:19.302Z",
    "updatedAt": "2026-02-04T20:19:19.302Z",
    "__v": 0
  },
  {
    "_id": "6983ac99afb8ded663d1cefd",
    "user": "69767c9bff5bfa36a54698c3",
    "action": "CREATE_SPRINT",
    "resource": "Sprint: 6983ac99afb8ded663d1cef7",
    "details": {
      "name": "Sprint 1: Foundation & Setup"
    },
    "ipAddress": "::1",
    "userAgent": "Mozilla/5.0 (Windows NT 10.0; Win64; x64) AppleWebKit/537.36 (KHTML, like Gecko) Chrome/144.0.0.0 Safari/537.36",
    "createdAt": "2026-02-04T20:31:21.380Z",
    "updatedAt": "2026-02-04T20:31:21.380Z",
    "__v": 0
  },
  {
    "_id": "6983ac99afb8ded663d1ceff",
    "user": "69767c9bff5bfa36a54698c3",
    "action": "CREATE_SPRINT",
    "resource": "Sprint: 6983ac99afb8ded663d1cef9",
    "details": {
      "name": "Sprint 2: Core Features Implementation"
    },
    "ipAddress": "::1",
    "userAgent": "Mozilla/5.0 (Windows NT 10.0; Win64; x64) AppleWebKit/537.36 (KHTML, like Gecko) Chrome/144.0.0.0 Safari/537.36",
    "createdAt": "2026-02-04T20:31:21.388Z",
    "updatedAt": "2026-02-04T20:31:21.388Z",
    "__v": 0
  },
  {
    "_id": "6983ac99afb8ded663d1cf01",
    "user": "69767c9bff5bfa36a54698c3",
    "action": "CREATE_SPRINT",
    "resource": "Sprint: 6983ac99afb8ded663d1cefb",
    "details": {
      "name": "Sprint 3: Admin Dashboard, Polish & Testing"
    },
    "ipAddress": "::1",
    "userAgent": "Mozilla/5.0 (Windows NT 10.0; Win64; x64) AppleWebKit/537.36 (KHTML, like Gecko) Chrome/144.0.0.0 Safari/537.36",
    "createdAt": "2026-02-04T20:31:21.430Z",
    "updatedAt": "2026-02-04T20:31:21.430Z",
    "__v": 0
  },
  {
    "_id": "6983ac9aafb8ded663d1cf19",
    "user": "69767c9bff5bfa36a54698c3",
    "action": "CREATE_RUBRIC",
    "resource": "Rubric: 6983ac9aafb8ded663d1cf11",
    "details": {
      "name": "Performance Rubric for Porject Management System"
    },
    "ipAddress": "::1",
    "userAgent": "Mozilla/5.0 (Windows NT 10.0; Win64; x64) AppleWebKit/537.36 (KHTML, like Gecko) Chrome/144.0.0.0 Safari/537.36",
    "createdAt": "2026-02-04T20:31:22.761Z",
    "updatedAt": "2026-02-04T20:31:22.761Z",
    "__v": 0
  },
  {
    "_id": "69840fd791b18e047a02b0e1",
    "user": "69767c9bff5bfa36a54698c3",
    "action": "CREATE_SPRINT",
    "resource": "Sprint: 69840fd791b18e047a02b0db",
    "details": {
      "name": "Sprint 0: Foundation & Data Acquisition"
    },
    "ipAddress": "::1",
    "userAgent": "Mozilla/5.0 (Windows NT 10.0; Win64; x64) AppleWebKit/537.36 (KHTML, like Gecko) Chrome/144.0.0.0 Safari/537.36",
    "createdAt": "2026-02-05T03:34:47.408Z",
    "updatedAt": "2026-02-05T03:34:47.408Z",
    "__v": 0
  },
  {
    "_id": "69840fd791b18e047a02b0e3",
    "user": "69767c9bff5bfa36a54698c3",
    "action": "CREATE_SPRINT",
    "resource": "Sprint: 69840fd791b18e047a02b0dd",
    "details": {
      "name": "Sprint 1: Core Model Development"
    },
    "ipAddress": "::1",
    "userAgent": "Mozilla/5.0 (Windows NT 10.0; Win64; x64) AppleWebKit/537.36 (KHTML, like Gecko) Chrome/144.0.0.0 Safari/537.36",
    "createdAt": "2026-02-05T03:34:47.412Z",
    "updatedAt": "2026-02-05T03:34:47.412Z",
    "__v": 0
  },
  {
    "_id": "69840fd791b18e047a02b0e5",
    "user": "69767c9bff5bfa36a54698c3",
    "action": "CREATE_SPRINT",
    "resource": "Sprint: 69840fd791b18e047a02b0df",
    "details": {
      "name": "Sprint 2: Integration & Refinement"
    },
    "ipAddress": "::1",
    "userAgent": "Mozilla/5.0 (Windows NT 10.0; Win64; x64) AppleWebKit/537.36 (KHTML, like Gecko) Chrome/144.0.0.0 Safari/537.36",
    "createdAt": "2026-02-05T03:34:47.416Z",
    "updatedAt": "2026-02-05T03:34:47.416Z",
    "__v": 0
  },
  {
    "_id": "69840fd791b18e047a02b0ff",
    "user": "69767c9bff5bfa36a54698c3",
    "action": "CREATE_RUBRIC",
    "resource": "Rubric: 69840fd791b18e047a02b0f7",
    "details": {
      "name": "Performance Rubric for sign language translation"
    },
    "ipAddress": "::1",
    "userAgent": "Mozilla/5.0 (Windows NT 10.0; Win64; x64) AppleWebKit/537.36 (KHTML, like Gecko) Chrome/144.0.0.0 Safari/537.36",
    "createdAt": "2026-02-05T03:34:47.842Z",
    "updatedAt": "2026-02-05T03:34:47.842Z",
    "__v": 0
  },
  {
    "_id": "69862192bb7956f7bf42f285",
    "user": "69767c9bff5bfa36a54698c3",
    "action": "CREATE_SPRINT",
    "resource": "Sprint: 69862192bb7956f7bf42f27f",
    "details": {
      "name": "Sprint 1: Foundation & Backend Core"
    },
    "ipAddress": "::1",
    "userAgent": "Mozilla/5.0 (Windows NT 10.0; Win64; x64) AppleWebKit/537.36 (KHTML, like Gecko) Chrome/144.0.0.0 Safari/537.36",
    "createdAt": "2026-02-06T17:14:58.140Z",
    "updatedAt": "2026-02-06T17:14:58.140Z",
    "__v": 0
  },
  {
    "_id": "69862192bb7956f7bf42f287",
    "user": "69767c9bff5bfa36a54698c3",
    "action": "CREATE_SPRINT",
    "resource": "Sprint: 69862192bb7956f7bf42f283",
    "details": {
      "name": "Sprint 3: Frontend UI, Polish & Deployment"
    },
    "ipAddress": "::1",
    "userAgent": "Mozilla/5.0 (Windows NT 10.0; Win64; x64) AppleWebKit/537.36 (KHTML, like Gecko) Chrome/144.0.0.0 Safari/537.36",
    "createdAt": "2026-02-06T17:14:58.142Z",
    "updatedAt": "2026-02-06T17:14:58.142Z",
    "__v": 0
  },
  {
    "_id": "69862192bb7956f7bf42f289",
    "user": "69767c9bff5bfa36a54698c3",
    "action": "CREATE_SPRINT",
    "resource": "Sprint: 69862192bb7956f7bf42f281",
    "details": {
      "name": "Sprint 2: Order Management & Core Logic"
    },
    "ipAddress": "::1",
    "userAgent": "Mozilla/5.0 (Windows NT 10.0; Win64; x64) AppleWebKit/537.36 (KHTML, like Gecko) Chrome/144.0.0.0 Safari/537.36",
    "createdAt": "2026-02-06T17:14:58.143Z",
    "updatedAt": "2026-02-06T17:14:58.143Z",
    "__v": 0
  },
  {
    "_id": "69862192bb7956f7bf42f2a2",
    "user": "69767c9bff5bfa36a54698c3",
    "action": "CREATE_RUBRIC",
    "resource": "Rubric: 69862192bb7956f7bf42f29b",
    "details": {
      "name": "Performance Rubric for Food delivery system"
    },
    "ipAddress": "::1",
    "userAgent": "Mozilla/5.0 (Windows NT 10.0; Win64; x64) AppleWebKit/537.36 (KHTML, like Gecko) Chrome/144.0.0.0 Safari/537.36",
    "createdAt": "2026-02-06T17:14:58.522Z",
    "updatedAt": "2026-02-06T17:14:58.522Z",
    "__v": 0
  },
  {
    "_id": "69885b235e93b0c5a9c3997f",
    "user": "69767b68ff5bfa36a54698a3",
    "action": "BACKUP_CREATED",
    "resource": "backup_manual_2026-02-08T09-45-06-422Z",
    "details": {
      "type": "manual",
      "method": "json",
      "size": 24244,
      "path": "C:\\Users\\patel\\OneDrive\\Desktop\\techathon\\all\\backups\\backup_manual_2026-02-08T09-45-06-422Z.zip"
    },
    "createdAt": "2026-02-08T09:45:07.920Z",
    "updatedAt": "2026-02-08T09:45:07.920Z",
    "__v": 0
  },
  {
    "_id": "69885c95f4a865b45ee028ae",
    "user": "69767b68ff5bfa36a54698a3",
    "action": "BACKUP_DELETED",
    "resource": "backup_manual_2026-02-08T09-45-06-422Z.zip",
    "details": {
      "filename": "backup_manual_2026-02-08T09-45-06-422Z.zip"
    },
    "createdAt": "2026-02-08T09:51:17.986Z",
    "updatedAt": "2026-02-08T09:51:17.986Z",
    "__v": 0
  },
  {
    "_id": "69885c9bf4a865b45ee028b6",
    "user": "69767b68ff5bfa36a54698a3",
    "action": "BACKUP_CREATED",
    "resource": "backup_manual_2026-02-08T09-51-12-072Z",
    "details": {
      "type": "manual",
      "method": "json",
      "size": 24429,
      "path": "C:\\Users\\patel\\OneDrive\\Desktop\\techathon\\all\\backups\\backup_manual_2026-02-08T09-51-12-072Z.zip"
    },
    "createdAt": "2026-02-08T09:51:23.118Z",
    "updatedAt": "2026-02-08T09:51:23.118Z",
    "__v": 0
  },
  {
    "_id": "69885cd5f4a865b45ee028b9",
    "user": "69767b68ff5bfa36a54698a3",
    "action": "BACKUP_DELETED",
    "resource": "backup_manual_2026-02-08T09-51-12-072Z.zip",
    "details": {
      "filename": "backup_manual_2026-02-08T09-51-12-072Z.zip"
    },
    "createdAt": "2026-02-08T09:52:21.242Z",
    "updatedAt": "2026-02-08T09:52:21.242Z",
    "__v": 0
  }
]