[
  {
    "_id": "6978f3f0c2d13ba1632e6558",
    "project": "6976c606faee1340da5b7446",
    "evaluator": "69767c9bff5bfa36a54698c3",
    "rubric": "6978f1b8c2d13ba1632e63da",
    "scores": {
      "c langaue": 6
    },
    "comments": "amm to thik chhe",
    "totalScore": 6,
    "createdAt": "2026-01-27T17:20:48.976Z",
    "updatedAt": "2026-01-27T17:20:48.976Z",
    "__v": 0
  },
  {
    "_id": "6978f598c2d13ba1632e6735",
    "project": "6976c606faee1340da5b7446",
    "evaluator": "69767c9bff5bfa36a54698c3",
    "rubric": "6978f1b8c2d13ba1632e63da",
    "scores": {
      "c langaue": 6
    },
    "comments": "set ",
    "totalScore": 6,
    "createdAt": "2026-01-27T17:27:52.584Z",
    "updatedAt": "2026-01-27T17:27:52.584Z",
    "__v": 0
  },
  {
    "_id": "6978f73ac2d13ba1632e6854",
    "project": "6976c606faee1340da5b7446",
    "evaluator": "69767c9bff5bfa36a54698c3",
    "rubric": "6978f1b8c2d13ba1632e63da",
    "scores": {
      "c langaue": 5
    },
    "comments": "",
    "totalScore": 5,
    "createdAt": "2026-01-27T17:34:50.459Z",
    "updatedAt": "2026-01-27T17:34:50.459Z",
    "__v": 0
  },
  {
    "_id": "6978f743c2d13ba1632e685a",
    "project": "6976c606faee1340da5b7446",
    "evaluator": "69767c9bff5bfa36a54698c3",
    "rubric": "6978f1b8c2d13ba1632e63da",
    "scores": {
      "c langaue": 1
    },
    "comments": "bas",
    "totalScore": 1,
    "createdAt": "2026-01-27T17:34:59.532Z",
    "updatedAt": "2026-01-27T17:34:59.532Z",
    "__v": 0
  },
  {
    "_id": "6978ffd2c2d13ba1632e6ef2",
    "project": "6978fceac2d13ba1632e6aae",
    "evaluator": "69767c9bff5bfa36a54698c3",
    "rubric": "6978fec9c2d13ba1632e6d36",
    "scores": {
      "all the checked items": 13,
      "new items": 3
    },
    "comments": "maja avvi gai bhai",
    "totalScore": 68,
    "createdAt": "2026-01-27T18:11:30.033Z",
    "updatedAt": "2026-01-27T18:11:30.033Z",
    "__v": 0
  },
  {
    "_id": "697dd46571ae15a98e877351",
    "project": "697b8488e66e6e626265a5e8",
    "evaluator": "69767c9bff5bfa36a54698c3",
    "rubric": "697dd36f71ae15a98e8772fa",
    "scores": {
      "code eqality": 8,
      "Ui per": 4
    },
    "comments": "ffff",
    "totalScore": 20,
    "createdAt": "2026-01-31T10:07:33.070Z",
    "updatedAt": "2026-01-31T10:07:33.070Z",
    "__v": 0
  },
  {
    "_id": "697dd47071ae15a98e87735c",
    "project": "697b8488e66e6e626265a5e8",
    "evaluator": "69767c9bff5bfa36a54698c3",
    "rubric": "697dd38471ae15a98e877303",
    "scores": {
      "how they present": 5
    },
    "comments": "ed",
    "totalScore": 5,
    "createdAt": "2026-01-31T10:07:44.040Z",
    "updatedAt": "2026-01-31T10:07:44.040Z",
    "__v": 0
  },
  {
    "_id": "697dd5d871ae15a98e877368",
    "project": "697b8488e66e6e626265a5e8",
    "evaluator": "69767c9bff5bfa36a54698c3",
    "rubric": "697dd36f71ae15a98e8772fa",
    "scores": {},
    "comments": "",
    "totalScore": 0,
    "createdAt": "2026-01-31T10:13:44.106Z",
    "updatedAt": "2026-01-31T10:13:44.106Z",
    "__v": 0
  }
]