[
  {
    "_id": "6978ffbcc2d13ba1632e6ee1",
    "project": "6978fceac2d13ba1632e6aae",
    "from": "69767c9bff5bfa36a54698c3",
    "to": "69767bffff5bfa36a54698b4",
    "message": "amm to thik chhe",
    "rating": 4,
    "createdAt": "2026-01-27T18:11:08.432Z",
    "updatedAt": "2026-01-27T18:11:08.432Z",
    "__v": 0
  },
  {
    "_id": "697dcfa371ae15a98e87722c",
    "project": "697b8488e66e6e626265a5e8",
    "from": "69767c9bff5bfa36a54698c3",
    "to": "69767bffff5bfa36a54698b4",
    "message": "sssssssssssssssssssss",
    "rating": 3,
    "createdAt": "2026-01-31T09:47:15.788Z",
    "updatedAt": "2026-01-31T09:47:15.788Z",
    "__v": 0
  },
  {
    "_id": "697dcfa871ae15a98e87722f",
    "project": "697b8488e66e6e626265a5e8",
    "from": "69767c9bff5bfa36a54698c3",
    "to": "697a033aa1e291e5d82961e2",
    "message": "sssssssssssssssssssss",
    "rating": 3,
    "createdAt": "2026-01-31T09:47:20.001Z",
    "updatedAt": "2026-01-31T09:47:20.001Z",
    "__v": 0
  },
  {
    "_id": "69839f93e7d03a1cdaeb5bea",
    "project": "698397ae6cfe6b063e13d799",
    "from": "69767c9bff5bfa36a54698c3",
    "to": "69767bffff5bfa36a54698b4",
    "message": "qwdsacx",
    "rating": 2,
    "createdAt": "2026-02-04T19:35:47.086Z",
    "updatedAt": "2026-02-04T19:35:47.086Z",
    "__v": 0
  },
  {
    "_id": "69839f96e7d03a1cdaeb5bed",
    "project": "698397ae6cfe6b063e13d799",
    "from": "69767c9bff5bfa36a54698c3",
    "to": "697a033aa1e291e5d82961e2",
    "message": "qwdsacx",
    "rating": 2,
    "createdAt": "2026-02-04T19:35:50.105Z",
    "updatedAt": "2026-02-04T19:35:50.105Z",
    "__v": 0
  }
]