[
  {
    "_id": "6976c413faee1340da5b72f3",
    "projectId": "69767e0cff5bfa36a546990c",
    "repoUrl": "https://github.com/Harikesh0501/HackHub",
    "repoName": "HackHub",
    "owner": "Harikesh0501",
    "description": "Develop a centralized system where schools can create competitions, students can register and submit projects, and judges can review and score entries digitally. The platform should generate leaderboards automatically and provide a smooth and transparent competition process.",
    "stars": 0,
    "commits": [
      {
        "sha": "fbcf01eb6fee43006f2a9f9b7f46f419b656a5e0",
        "message": "Delete GITHUB_INTEGRATION_VERIFICATION.sh",
        "author": "24CS064_Harikesh Patel",
        "date": "2026-01-25T14:53:25.000Z",
        "url": "https://github.com/Harikesh0501/HackHub/commit/fbcf01eb6fee43006f2a9f9b7f46f419b656a5e0",
        "_id": "697a0cbaa1e291e5d8296f62"
      },
      {
        "sha": "b67364a9b3e814a1d64277bac8da3e1c75a22383",
        "message": "react teck stack update on hackathon management project",
        "author": "Aditi",
        "date": "2026-01-25T14:47:10.000Z",
        "url": "https://github.com/Harikesh0501/HackHub/commit/b67364a9b3e814a1d64277bac8da3e1c75a22383",
        "_id": "697a0cbaa1e291e5d8296f63"
      }
    ],
    "contributors": [
      {
        "login": "Harikesh0501",
        "avatar_url": "https://avatars.githubusercontent.com/u/206590527?v=4",
        "contributions": 1,
        "profile_url": "https://github.com/Harikesh0501",
        "_id": "697a0cbaa1e291e5d8296f60"
      },
      {
        "login": "AditiPatel18",
        "avatar_url": "https://avatars.githubusercontent.com/u/200457121?v=4",
        "contributions": 1,
        "profile_url": "https://github.com/AditiPatel18",
        "_id": "697a0cbaa1e291e5d8296f61"
      }
    ],
    "branches": [
      {
        "name": "main",
        "protected": false,
        "_id": "6979c3b07337f9a753a560be"
      },
      {
        "name": "master",
        "protected": false,
        "_id": "6979c3b07337f9a753a560bf"
      }
    ],
    "pullRequests": [],
    "lastSynced": "2026-01-28T13:18:50.549Z",
    "linkedAt": "2026-01-26T01:32:03.744Z",
    "__v": 35
  },
  {
    "_id": "6976c5bdfaee1340da5b73c3",
    "projectId": "6976c5a5faee1340da5b7399",
    "repoUrl": "https://github.com/Harikesh0501/odoo-2026-v2",
    "repoName": "odoo-2026-v2",
    "owner": "Harikesh0501",
    "description": null,
    "stars": 1,
    "commits": [
      {
        "sha": "1230c0f79891e99d89984bf038f2557284dfa2f5",
        "message": "Add new.html file with initial content\n\nset",
        "author": "Aditi Patel",
        "date": "2026-01-22T14:40:19.000Z",
        "url": "https://github.com/Harikesh0501/odoo-2026-v2/commit/1230c0f79891e99d89984bf038f2557284dfa2f5",
        "_id": "6976c5d3faee1340da5b7433"
      },
      {
        "sha": "b5d3fddf551fdf2437ef08a26c58e24cb23c147e",
        "message": "feat (init) : final code  ready",
        "author": "24CS064_Harikesh Patel",
        "date": "2026-01-03T11:18:05.000Z",
        "url": "https://github.com/Harikesh0501/odoo-2026-v2/commit/b5d3fddf551fdf2437ef08a26c58e24cb23c147e",
        "_id": "6976c5d3faee1340da5b7434"
      }
    ],
    "contributors": [
      {
        "login": "Harikesh0501",
        "avatar_url": "https://avatars.githubusercontent.com/u/206590527?v=4",
        "contributions": 1,
        "profile_url": "https://github.com/Harikesh0501",
        "_id": "6976c5d3faee1340da5b7435"
      },
      {
        "login": "AditiPatel18",
        "avatar_url": "https://avatars.githubusercontent.com/u/200457121?v=4",
        "contributions": 1,
        "profile_url": "https://github.com/AditiPatel18",
        "_id": "6976c5d3faee1340da5b7436"
      }
    ],
    "branches": [
      {
        "name": "master",
        "protected": false,
        "_id": "6976c5cefaee1340da5b7419"
      }
    ],
    "pullRequests": [],
    "lastSynced": "2026-01-26T01:39:31.892Z",
    "linkedAt": "2026-01-26T01:39:09.386Z",
    "__v": 12
  },
  {
    "_id": "6976c617faee1340da5b7470",
    "projectId": "6976c606faee1340da5b7446",
    "repoUrl": "https://github.com/Harikesh0501/odoo-2026",
    "repoName": "odoo-2026",
    "owner": "Harikesh0501",
    "description": null,
    "stars": 0,
    "commits": [
      {
        "sha": "81ea91f83ee0d7c7dff0e095d81a3335f7c5acfd",
        "message": "Merge pull request #2 from Harikesh0501/feature/my-changes\n\nAdd new features via command",
        "author": "24CS064_Harikesh Patel",
        "date": "2026-01-26T16:34:00.000Z",
        "url": "https://github.com/Harikesh0501/odoo-2026/commit/81ea91f83ee0d7c7dff0e095d81a3335f7c5acfd",
        "_id": "6979ce4d1c22efd086c2a21b"
      },
      {
        "sha": "45abf568c246bb7652b76bad5fd24119181d658d",
        "message": "Add new features via command",
        "author": "Harikesh0501",
        "date": "2026-01-26T01:44:25.000Z",
        "url": "https://github.com/Harikesh0501/odoo-2026/commit/45abf568c246bb7652b76bad5fd24119181d658d",
        "_id": "6979ce4d1c22efd086c2a21c"
      },
      {
        "sha": "2b630d8a1bf77df9c3b3736d712c4448ab4a8521",
        "message": "Create inde.css\n\ndone bro",
        "author": "Aditi Patel",
        "date": "2026-01-22T15:11:10.000Z",
        "url": "https://github.com/Harikesh0501/odoo-2026/commit/2b630d8a1bf77df9c3b3736d712c4448ab4a8521",
        "_id": "6979ce4d1c22efd086c2a21d"
      },
      {
        "sha": "0453c3b007204807f97b7b0cf4c84727967229aa",
        "message": "changed now",
        "author": "24CS064_Harikesh Patel",
        "date": "2026-01-03T09:24:35.000Z",
        "url": "https://github.com/Harikesh0501/odoo-2026/commit/0453c3b007204807f97b7b0cf4c84727967229aa",
        "_id": "6979ce4d1c22efd086c2a21e"
      },
      {
        "sha": "ffe6c749690ad8f607c203b38bffea611df832ed",
        "message": "Create {",
        "author": "24CS064_Harikesh Patel",
        "date": "2026-01-03T09:24:10.000Z",
        "url": "https://github.com/Harikesh0501/odoo-2026/commit/ffe6c749690ad8f607c203b38bffea611df832ed",
        "_id": "6979ce4d1c22efd086c2a21f"
      },
      {
        "sha": "598b7770258a2b7ee89cdeb5ebc5594c5833451a",
        "message": "changes",
        "author": "24CS064_Harikesh Patel",
        "date": "2026-01-03T09:23:57.000Z",
        "url": "https://github.com/Harikesh0501/odoo-2026/commit/598b7770258a2b7ee89cdeb5ebc5594c5833451a",
        "_id": "6979ce4d1c22efd086c2a220"
      },
      {
        "sha": "f9730471630f0bc8c73a17485639f497426c8935",
        "message": "feat: add Organization page and complete Leaves, Payroll, Organization features",
        "author": "Nikunj Desai",
        "date": "2026-01-03T09:17:03.000Z",
        "url": "https://github.com/Harikesh0501/odoo-2026/commit/f9730471630f0bc8c73a17485639f497426c8935",
        "_id": "6979ce4d1c22efd086c2a221"
      },
      {
        "sha": "3d3b19b3fd35a4ed5b2b0847cdf8ae1b235ab545",
        "message": "feat : changes only",
        "author": "24CS064_Harikesh Patel",
        "date": "2026-01-03T09:00:50.000Z",
        "url": "https://github.com/Harikesh0501/odoo-2026/commit/3d3b19b3fd35a4ed5b2b0847cdf8ae1b235ab545",
        "_id": "6979ce4d1c22efd086c2a222"
      },
      {
        "sha": "ba11423635e609e6d4a15f662e0b06467a757697",
        "message": "feat : create payroll page",
        "author": "24CS064_Harikesh Patel",
        "date": "2026-01-03T08:22:59.000Z",
        "url": "https://github.com/Harikesh0501/odoo-2026/commit/ba11423635e609e6d4a15f662e0b06467a757697",
        "_id": "6979ce4d1c22efd086c2a223"
      },
      {
        "sha": "a141ac016e3b25d29a1fd24481ebb874b7828200",
        "message": "feat : add leave page",
        "author": "24CS064_Harikesh Patel",
        "date": "2026-01-03T07:46:39.000Z",
        "url": "https://github.com/Harikesh0501/odoo-2026/commit/a141ac016e3b25d29a1fd24481ebb874b7828200",
        "_id": "6979ce4d1c22efd086c2a224"
      }
    ],
    "contributors": [
      {
        "login": "Harikesh0501",
        "avatar_url": "https://avatars.githubusercontent.com/u/206590527?v=4",
        "contributions": 9,
        "profile_url": "https://github.com/Harikesh0501",
        "_id": "6979ce4d1c22efd086c2a218"
      },
      {
        "login": "AditiPatel18",
        "avatar_url": "https://avatars.githubusercontent.com/u/200457121?v=4",
        "contributions": 1,
        "profile_url": "https://github.com/AditiPatel18",
        "_id": "6979ce4d1c22efd086c2a219"
      },
      {
        "login": "Nikunjdesai77",
        "avatar_url": "https://avatars.githubusercontent.com/u/183903225?v=4",
        "contributions": 1,
        "profile_url": "https://github.com/Nikunjdesai77",
        "_id": "6979ce4d1c22efd086c2a21a"
      }
    ],
    "branches": [
      {
        "name": "feature/my-changes",
        "protected": false,
        "_id": "6978534c9a024c0e5247e4c7"
      },
      {
        "name": "master",
        "protected": false,
        "_id": "6978534c9a024c0e5247e4c8"
      }
    ],
    "pullRequests": [
      {
        "number": 2,
        "title": "Add new features via command",
        "state": "closed",
        "author": "Harikesh0501",
        "created_at": "2026-01-26T16:33:47.000Z",
        "url": "https://github.com/Harikesh0501/odoo-2026/pull/2",
        "_id": "697853519a024c0e5247e4dc"
      }
    ],
    "lastSynced": "2026-01-28T08:52:29.962Z",
    "linkedAt": "2026-01-26T01:40:39.191Z",
    "__v": 53
  },
  {
    "_id": "6978fd5cc2d13ba1632e6ae0",
    "projectId": "6978fceac2d13ba1632e6aae",
    "repoUrl": "https://github.com/Harikesh0501/odoo-2026",
    "repoName": "odoo-2026",
    "owner": "Harikesh0501",
    "description": null,
    "stars": 0,
    "commits": [
      {
        "sha": "27ffabd51e7fb8efa3f7d31350674aa35c6f0538",
        "message": "Merge pull request #3 from Harikesh0501/Harikesh0501-patch-1\n\nadd readmd file for check",
        "author": "24CS064_Harikesh Patel",
        "date": "2026-01-28T09:37:34.000Z",
        "url": "https://github.com/Harikesh0501/odoo-2026/commit/27ffabd51e7fb8efa3f7d31350674aa35c6f0538",
        "_id": "697b836ae66e6e626265a535"
      },
      {
        "sha": "65a9a64d0c01f368103e19aa9f136d0717eb0fc7",
        "message": "add readmd file for check\n\naddddddddddddd",
        "author": "24CS064_Harikesh Patel",
        "date": "2026-01-28T09:37:02.000Z",
        "url": "https://github.com/Harikesh0501/odoo-2026/commit/65a9a64d0c01f368103e19aa9f136d0717eb0fc7",
        "_id": "697b836ae66e6e626265a536"
      },
      {
        "sha": "81ea91f83ee0d7c7dff0e095d81a3335f7c5acfd",
        "message": "Merge pull request #2 from Harikesh0501/feature/my-changes\n\nAdd new features via command",
        "author": "24CS064_Harikesh Patel",
        "date": "2026-01-26T16:34:00.000Z",
        "url": "https://github.com/Harikesh0501/odoo-2026/commit/81ea91f83ee0d7c7dff0e095d81a3335f7c5acfd",
        "_id": "697b836ae66e6e626265a537"
      },
      {
        "sha": "45abf568c246bb7652b76bad5fd24119181d658d",
        "message": "Add new features via command",
        "author": "Harikesh0501",
        "date": "2026-01-26T01:44:25.000Z",
        "url": "https://github.com/Harikesh0501/odoo-2026/commit/45abf568c246bb7652b76bad5fd24119181d658d",
        "_id": "697b836ae66e6e626265a538"
      },
      {
        "sha": "2b630d8a1bf77df9c3b3736d712c4448ab4a8521",
        "message": "Create inde.css\n\ndone bro",
        "author": "Aditi Patel",
        "date": "2026-01-22T15:11:10.000Z",
        "url": "https://github.com/Harikesh0501/odoo-2026/commit/2b630d8a1bf77df9c3b3736d712c4448ab4a8521",
        "_id": "697b836ae66e6e626265a539"
      },
      {
        "sha": "0453c3b007204807f97b7b0cf4c84727967229aa",
        "message": "changed now",
        "author": "24CS064_Harikesh Patel",
        "date": "2026-01-03T09:24:35.000Z",
        "url": "https://github.com/Harikesh0501/odoo-2026/commit/0453c3b007204807f97b7b0cf4c84727967229aa",
        "_id": "697b836ae66e6e626265a53a"
      },
      {
        "sha": "ffe6c749690ad8f607c203b38bffea611df832ed",
        "message": "Create {",
        "author": "24CS064_Harikesh Patel",
        "date": "2026-01-03T09:24:10.000Z",
        "url": "https://github.com/Harikesh0501/odoo-2026/commit/ffe6c749690ad8f607c203b38bffea611df832ed",
        "_id": "697b836ae66e6e626265a53b"
      },
      {
        "sha": "598b7770258a2b7ee89cdeb5ebc5594c5833451a",
        "message": "changes",
        "author": "24CS064_Harikesh Patel",
        "date": "2026-01-03T09:23:57.000Z",
        "url": "https://github.com/Harikesh0501/odoo-2026/commit/598b7770258a2b7ee89cdeb5ebc5594c5833451a",
        "_id": "697b836ae66e6e626265a53c"
      },
      {
        "sha": "f9730471630f0bc8c73a17485639f497426c8935",
        "message": "feat: add Organization page and complete Leaves, Payroll, Organization features",
        "author": "Nikunj Desai",
        "date": "2026-01-03T09:17:03.000Z",
        "url": "https://github.com/Harikesh0501/odoo-2026/commit/f9730471630f0bc8c73a17485639f497426c8935",
        "_id": "697b836ae66e6e626265a53d"
      },
      {
        "sha": "3d3b19b3fd35a4ed5b2b0847cdf8ae1b235ab545",
        "message": "feat : changes only",
        "author": "24CS064_Harikesh Patel",
        "date": "2026-01-03T09:00:50.000Z",
        "url": "https://github.com/Harikesh0501/odoo-2026/commit/3d3b19b3fd35a4ed5b2b0847cdf8ae1b235ab545",
        "_id": "697b836ae66e6e626265a53e"
      }
    ],
    "contributors": [
      {
        "login": "Harikesh0501",
        "avatar_url": "https://avatars.githubusercontent.com/u/206590527?v=4",
        "contributions": 11,
        "profile_url": "https://github.com/Harikesh0501",
        "_id": "697b836ae66e6e626265a532"
      },
      {
        "login": "AditiPatel18",
        "avatar_url": "https://avatars.githubusercontent.com/u/200457121?v=4",
        "contributions": 1,
        "profile_url": "https://github.com/AditiPatel18",
        "_id": "697b836ae66e6e626265a533"
      },
      {
        "login": "Nikunjdesai77",
        "avatar_url": "https://avatars.githubusercontent.com/u/183903225?v=4",
        "contributions": 1,
        "profile_url": "https://github.com/Nikunjdesai77",
        "_id": "697b836ae66e6e626265a534"
      }
    ],
    "branches": [
      {
        "name": "Harikesh0501-patch-1",
        "protected": false,
        "_id": "697a33ccd501fb95623d3444"
      },
      {
        "name": "feature/my-changes",
        "protected": false,
        "_id": "697a33ccd501fb95623d3445"
      },
      {
        "name": "master",
        "protected": false,
        "_id": "697a33ccd501fb95623d3446"
      }
    ],
    "pullRequests": [
      {
        "number": 3,
        "title": "add readmd file for check",
        "state": "closed",
        "author": "Harikesh0501",
        "created_at": "2026-01-28T09:37:14.000Z",
        "url": "https://github.com/Harikesh0501/odoo-2026/pull/3",
        "_id": "697a33d0d501fb95623d3473"
      },
      {
        "number": 2,
        "title": "Add new features via command",
        "state": "closed",
        "author": "Harikesh0501",
        "created_at": "2026-01-26T16:33:47.000Z",
        "url": "https://github.com/Harikesh0501/odoo-2026/pull/2",
        "_id": "697a33d0d501fb95623d3474"
      }
    ],
    "lastSynced": "2026-01-29T15:57:30.526Z",
    "linkedAt": "2026-01-27T18:01:00.840Z",
    "__v": 37
  },
  {
    "_id": "697b84bee66e6e626265a611",
    "projectId": "697b8488e66e6e626265a5e8",
    "repoUrl": "https://github.com/Harikesh0501/odoo-2026",
    "repoName": "odoo-2026",
    "owner": "Harikesh0501",
    "description": null,
    "stars": 1,
    "commits": [
      {
        "sha": "27ffabd51e7fb8efa3f7d31350674aa35c6f0538",
        "message": "Merge pull request #3 from Harikesh0501/Harikesh0501-patch-1\n\nadd readmd file for check",
        "author": "24CS064_Harikesh Patel",
        "date": "2026-01-28T09:37:34.000Z",
        "url": "https://github.com/Harikesh0501/odoo-2026/commit/27ffabd51e7fb8efa3f7d31350674aa35c6f0538",
        "_id": "69824c46d04885daa5fc41ac"
      },
      {
        "sha": "65a9a64d0c01f368103e19aa9f136d0717eb0fc7",
        "message": "add readmd file for check\n\naddddddddddddd",
        "author": "24CS064_Harikesh Patel",
        "date": "2026-01-28T09:37:02.000Z",
        "url": "https://github.com/Harikesh0501/odoo-2026/commit/65a9a64d0c01f368103e19aa9f136d0717eb0fc7",
        "_id": "69824c46d04885daa5fc41ad"
      },
      {
        "sha": "81ea91f83ee0d7c7dff0e095d81a3335f7c5acfd",
        "message": "Merge pull request #2 from Harikesh0501/feature/my-changes\n\nAdd new features via command",
        "author": "24CS064_Harikesh Patel",
        "date": "2026-01-26T16:34:00.000Z",
        "url": "https://github.com/Harikesh0501/odoo-2026/commit/81ea91f83ee0d7c7dff0e095d81a3335f7c5acfd",
        "_id": "69824c46d04885daa5fc41ae"
      },
      {
        "sha": "45abf568c246bb7652b76bad5fd24119181d658d",
        "message": "Add new features via command",
        "author": "Harikesh0501",
        "date": "2026-01-26T01:44:25.000Z",
        "url": "https://github.com/Harikesh0501/odoo-2026/commit/45abf568c246bb7652b76bad5fd24119181d658d",
        "_id": "69824c46d04885daa5fc41af"
      },
      {
        "sha": "2b630d8a1bf77df9c3b3736d712c4448ab4a8521",
        "message": "Create inde.css\n\ndone bro",
        "author": "Aditi Patel",
        "date": "2026-01-22T15:11:10.000Z",
        "url": "https://github.com/Harikesh0501/odoo-2026/commit/2b630d8a1bf77df9c3b3736d712c4448ab4a8521",
        "_id": "69824c46d04885daa5fc41b0"
      },
      {
        "sha": "0453c3b007204807f97b7b0cf4c84727967229aa",
        "message": "changed now",
        "author": "24CS064_Harikesh Patel",
        "date": "2026-01-03T09:24:35.000Z",
        "url": "https://github.com/Harikesh0501/odoo-2026/commit/0453c3b007204807f97b7b0cf4c84727967229aa",
        "_id": "69824c46d04885daa5fc41b1"
      },
      {
        "sha": "ffe6c749690ad8f607c203b38bffea611df832ed",
        "message": "Create {",
        "author": "24CS064_Harikesh Patel",
        "date": "2026-01-03T09:24:10.000Z",
        "url": "https://github.com/Harikesh0501/odoo-2026/commit/ffe6c749690ad8f607c203b38bffea611df832ed",
        "_id": "69824c46d04885daa5fc41b2"
      },
      {
        "sha": "598b7770258a2b7ee89cdeb5ebc5594c5833451a",
        "message": "changes",
        "author": "24CS064_Harikesh Patel",
        "date": "2026-01-03T09:23:57.000Z",
        "url": "https://github.com/Harikesh0501/odoo-2026/commit/598b7770258a2b7ee89cdeb5ebc5594c5833451a",
        "_id": "69824c46d04885daa5fc41b3"
      },
      {
        "sha": "f9730471630f0bc8c73a17485639f497426c8935",
        "message": "feat: add Organization page and complete Leaves, Payroll, Organization features",
        "author": "Nikunj Desai",
        "date": "2026-01-03T09:17:03.000Z",
        "url": "https://github.com/Harikesh0501/odoo-2026/commit/f9730471630f0bc8c73a17485639f497426c8935",
        "_id": "69824c46d04885daa5fc41b4"
      },
      {
        "sha": "3d3b19b3fd35a4ed5b2b0847cdf8ae1b235ab545",
        "message": "feat : changes only",
        "author": "24CS064_Harikesh Patel",
        "date": "2026-01-03T09:00:50.000Z",
        "url": "https://github.com/Harikesh0501/odoo-2026/commit/3d3b19b3fd35a4ed5b2b0847cdf8ae1b235ab545",
        "_id": "69824c46d04885daa5fc41b5"
      }
    ],
    "contributors": [
      {
        "login": "Harikesh0501",
        "avatar_url": "https://avatars.githubusercontent.com/u/206590527?v=4",
        "contributions": 11,
        "profile_url": "https://github.com/Harikesh0501",
        "_id": "69824c46d04885daa5fc41a9"
      },
      {
        "login": "AditiPatel18",
        "avatar_url": "https://avatars.githubusercontent.com/u/200457121?v=4",
        "contributions": 1,
        "profile_url": "https://github.com/AditiPatel18",
        "_id": "69824c46d04885daa5fc41aa"
      },
      {
        "login": "Nikunjdesai77",
        "avatar_url": "https://avatars.githubusercontent.com/u/183903225?v=4",
        "contributions": 1,
        "profile_url": "https://github.com/Nikunjdesai77",
        "_id": "69824c46d04885daa5fc41ab"
      }
    ],
    "branches": [
      {
        "name": "Harikesh0501-patch-1",
        "protected": false,
        "_id": "6982332cfdec896889db603e"
      },
      {
        "name": "feature/my-changes",
        "protected": false,
        "_id": "6982332cfdec896889db603f"
      },
      {
        "name": "master",
        "protected": false,
        "_id": "6982332cfdec896889db6040"
      }
    ],
    "pullRequests": [
      {
        "number": 3,
        "title": "add readmd file for check",
        "state": "closed",
        "author": "Harikesh0501",
        "created_at": "2026-01-28T09:37:14.000Z",
        "url": "https://github.com/Harikesh0501/odoo-2026/pull/3",
        "_id": "698227e8fdec896889db5ba8"
      },
      {
        "number": 2,
        "title": "Add new features via command",
        "state": "closed",
        "author": "Harikesh0501",
        "created_at": "2026-01-26T16:33:47.000Z",
        "url": "https://github.com/Harikesh0501/odoo-2026/pull/2",
        "_id": "698227e8fdec896889db5ba9"
      }
    ],
    "lastSynced": "2026-02-03T19:28:06.963Z",
    "linkedAt": "2026-01-29T16:03:10.300Z",
    "__v": 0
  },
  {
    "_id": "698398686cfe6b063e13d90d",
    "projectId": "698397ae6cfe6b063e13d799",
    "repoUrl": "https://github.com/Harikesh0501/odoo-2026",
    "repoName": "odoo-2026",
    "owner": "Harikesh0501",
    "description": null,
    "stars": 1,
    "commits": [
      {
        "sha": "78fd9e49849d629a0e7cb665d0d23f8f2d0bf392",
        "message": "Create new.html\n\nnavu add kryu",
        "author": "24CS064_Harikesh Patel",
        "date": "2026-02-08T10:11:10.000Z",
        "url": "https://github.com/Harikesh0501/odoo-2026/commit/78fd9e49849d629a0e7cb665d0d23f8f2d0bf392",
        "_id": "698975fd58f999f22a3bd687"
      },
      {
        "sha": "27ffabd51e7fb8efa3f7d31350674aa35c6f0538",
        "message": "Merge pull request #3 from Harikesh0501/Harikesh0501-patch-1\n\nadd readmd file for check",
        "author": "24CS064_Harikesh Patel",
        "date": "2026-01-28T09:37:34.000Z",
        "url": "https://github.com/Harikesh0501/odoo-2026/commit/27ffabd51e7fb8efa3f7d31350674aa35c6f0538",
        "_id": "698975fd58f999f22a3bd688"
      },
      {
        "sha": "65a9a64d0c01f368103e19aa9f136d0717eb0fc7",
        "message": "add readmd file for check\n\naddddddddddddd",
        "author": "24CS064_Harikesh Patel",
        "date": "2026-01-28T09:37:02.000Z",
        "url": "https://github.com/Harikesh0501/odoo-2026/commit/65a9a64d0c01f368103e19aa9f136d0717eb0fc7",
        "_id": "698975fd58f999f22a3bd689"
      },
      {
        "sha": "81ea91f83ee0d7c7dff0e095d81a3335f7c5acfd",
        "message": "Merge pull request #2 from Harikesh0501/feature/my-changes\n\nAdd new features via command",
        "author": "24CS064_Harikesh Patel",
        "date": "2026-01-26T16:34:00.000Z",
        "url": "https://github.com/Harikesh0501/odoo-2026/commit/81ea91f83ee0d7c7dff0e095d81a3335f7c5acfd",
        "_id": "698975fd58f999f22a3bd68a"
      },
      {
        "sha": "45abf568c246bb7652b76bad5fd24119181d658d",
        "message": "Add new features via command",
        "author": "Harikesh0501",
        "date": "2026-01-26T01:44:25.000Z",
        "url": "https://github.com/Harikesh0501/odoo-2026/commit/45abf568c246bb7652b76bad5fd24119181d658d",
        "_id": "698975fd58f999f22a3bd68b"
      },
      {
        "sha": "2b630d8a1bf77df9c3b3736d712c4448ab4a8521",
        "message": "Create inde.css\n\ndone bro",
        "author": "Aditi Patel",
        "date": "2026-01-22T15:11:10.000Z",
        "url": "https://github.com/Harikesh0501/odoo-2026/commit/2b630d8a1bf77df9c3b3736d712c4448ab4a8521",
        "_id": "698975fd58f999f22a3bd68c"
      },
      {
        "sha": "0453c3b007204807f97b7b0cf4c84727967229aa",
        "message": "changed now",
        "author": "24CS064_Harikesh Patel",
        "date": "2026-01-03T09:24:35.000Z",
        "url": "https://github.com/Harikesh0501/odoo-2026/commit/0453c3b007204807f97b7b0cf4c84727967229aa",
        "_id": "698975fd58f999f22a3bd68d"
      },
      {
        "sha": "ffe6c749690ad8f607c203b38bffea611df832ed",
        "message": "Create {",
        "author": "24CS064_Harikesh Patel",
        "date": "2026-01-03T09:24:10.000Z",
        "url": "https://github.com/Harikesh0501/odoo-2026/commit/ffe6c749690ad8f607c203b38bffea611df832ed",
        "_id": "698975fd58f999f22a3bd68e"
      },
      {
        "sha": "598b7770258a2b7ee89cdeb5ebc5594c5833451a",
        "message": "changes",
        "author": "24CS064_Harikesh Patel",
        "date": "2026-01-03T09:23:57.000Z",
        "url": "https://github.com/Harikesh0501/odoo-2026/commit/598b7770258a2b7ee89cdeb5ebc5594c5833451a",
        "_id": "698975fd58f999f22a3bd68f"
      },
      {
        "sha": "f9730471630f0bc8c73a17485639f497426c8935",
        "message": "feat: add Organization page and complete Leaves, Payroll, Organization features",
        "author": "Nikunj Desai",
        "date": "2026-01-03T09:17:03.000Z",
        "url": "https://github.com/Harikesh0501/odoo-2026/commit/f9730471630f0bc8c73a17485639f497426c8935",
        "_id": "698975fd58f999f22a3bd690"
      }
    ],
    "contributors": [
      {
        "login": "Harikesh0501",
        "avatar_url": "https://avatars.githubusercontent.com/u/206590527?v=4",
        "contributions": 12,
        "profile_url": "https://github.com/Harikesh0501",
        "_id": "698975fd58f999f22a3bd684"
      },
      {
        "login": "AditiPatel18",
        "avatar_url": "https://avatars.githubusercontent.com/u/200457121?v=4",
        "contributions": 1,
        "profile_url": "https://github.com/AditiPatel18",
        "_id": "698975fd58f999f22a3bd685"
      },
      {
        "login": "Nikunjdesai77",
        "avatar_url": "https://avatars.githubusercontent.com/u/183903225?v=4",
        "contributions": 1,
        "profile_url": "https://github.com/Nikunjdesai77",
        "_id": "698975fd58f999f22a3bd686"
      }
    ],
    "branches": [
      {
        "name": "Harikesh0501-patch-1",
        "protected": false,
        "_id": "698410fe91b18e047a02b329"
      },
      {
        "name": "feature/my-changes",
        "protected": false,
        "_id": "698410fe91b18e047a02b32a"
      },
      {
        "name": "master",
        "protected": false,
        "_id": "698410fe91b18e047a02b32b"
      }
    ],
    "pullRequests": [
      {
        "number": 3,
        "title": "add readmd file for check",
        "state": "closed",
        "author": "Harikesh0501",
        "created_at": "2026-01-28T09:37:14.000Z",
        "url": "https://github.com/Harikesh0501/odoo-2026/pull/3",
        "_id": "69839e5ee7d03a1cdaeb59b3"
      },
      {
        "number": 2,
        "title": "Add new features via command",
        "state": "closed",
        "author": "Harikesh0501",
        "created_at": "2026-01-26T16:33:47.000Z",
        "url": "https://github.com/Harikesh0501/odoo-2026/pull/2",
        "_id": "69839e5ee7d03a1cdaeb59b4"
      }
    ],
    "lastSynced": "2026-02-09T05:51:57.808Z",
    "linkedAt": "2026-02-04T19:05:12.312Z",
    "__v": 0
  },
  {
    "_id": "6985983a623e198e0dff4293",
    "projectId": "69840f7d91b18e047a02b07e",
    "repoUrl": "https://github.com/Harikesh0501/odoo-2026",
    "repoName": "odoo-2026",
    "owner": "Harikesh0501",
    "description": null,
    "stars": 1,
    "commits": [
      {
        "sha": "78fd9e49849d629a0e7cb665d0d23f8f2d0bf392",
        "message": "Create new.html\n\nnavu add kryu",
        "author": "24CS064_Harikesh Patel",
        "date": "2026-02-08T10:11:10.000Z",
        "url": "https://github.com/Harikesh0501/odoo-2026/commit/78fd9e49849d629a0e7cb665d0d23f8f2d0bf392",
        "_id": "698861602d45806345002d0c"
      },
      {
        "sha": "27ffabd51e7fb8efa3f7d31350674aa35c6f0538",
        "message": "Merge pull request #3 from Harikesh0501/Harikesh0501-patch-1\n\nadd readmd file for check",
        "author": "24CS064_Harikesh Patel",
        "date": "2026-01-28T09:37:34.000Z",
        "url": "https://github.com/Harikesh0501/odoo-2026/commit/27ffabd51e7fb8efa3f7d31350674aa35c6f0538",
        "_id": "698861602d45806345002d0d"
      },
      {
        "sha": "65a9a64d0c01f368103e19aa9f136d0717eb0fc7",
        "message": "add readmd file for check\n\naddddddddddddd",
        "author": "24CS064_Harikesh Patel",
        "date": "2026-01-28T09:37:02.000Z",
        "url": "https://github.com/Harikesh0501/odoo-2026/commit/65a9a64d0c01f368103e19aa9f136d0717eb0fc7",
        "_id": "698861602d45806345002d0e"
      },
      {
        "sha": "81ea91f83ee0d7c7dff0e095d81a3335f7c5acfd",
        "message": "Merge pull request #2 from Harikesh0501/feature/my-changes\n\nAdd new features via command",
        "author": "24CS064_Harikesh Patel",
        "date": "2026-01-26T16:34:00.000Z",
        "url": "https://github.com/Harikesh0501/odoo-2026/commit/81ea91f83ee0d7c7dff0e095d81a3335f7c5acfd",
        "_id": "698861602d45806345002d0f"
      },
      {
        "sha": "45abf568c246bb7652b76bad5fd24119181d658d",
        "message": "Add new features via command",
        "author": "Harikesh0501",
        "date": "2026-01-26T01:44:25.000Z",
        "url": "https://github.com/Harikesh0501/odoo-2026/commit/45abf568c246bb7652b76bad5fd24119181d658d",
        "_id": "698861602d45806345002d10"
      },
      {
        "sha": "2b630d8a1bf77df9c3b3736d712c4448ab4a8521",
        "message": "Create inde.css\n\ndone bro",
        "author": "Aditi Patel",
        "date": "2026-01-22T15:11:10.000Z",
        "url": "https://github.com/Harikesh0501/odoo-2026/commit/2b630d8a1bf77df9c3b3736d712c4448ab4a8521",
        "_id": "698861602d45806345002d11"
      },
      {
        "sha": "0453c3b007204807f97b7b0cf4c84727967229aa",
        "message": "changed now",
        "author": "24CS064_Harikesh Patel",
        "date": "2026-01-03T09:24:35.000Z",
        "url": "https://github.com/Harikesh0501/odoo-2026/commit/0453c3b007204807f97b7b0cf4c84727967229aa",
        "_id": "698861602d45806345002d12"
      },
      {
        "sha": "ffe6c749690ad8f607c203b38bffea611df832ed",
        "message": "Create {",
        "author": "24CS064_Harikesh Patel",
        "date": "2026-01-03T09:24:10.000Z",
        "url": "https://github.com/Harikesh0501/odoo-2026/commit/ffe6c749690ad8f607c203b38bffea611df832ed",
        "_id": "698861602d45806345002d13"
      },
      {
        "sha": "598b7770258a2b7ee89cdeb5ebc5594c5833451a",
        "message": "changes",
        "author": "24CS064_Harikesh Patel",
        "date": "2026-01-03T09:23:57.000Z",
        "url": "https://github.com/Harikesh0501/odoo-2026/commit/598b7770258a2b7ee89cdeb5ebc5594c5833451a",
        "_id": "698861602d45806345002d14"
      },
      {
        "sha": "f9730471630f0bc8c73a17485639f497426c8935",
        "message": "feat: add Organization page and complete Leaves, Payroll, Organization features",
        "author": "Nikunj Desai",
        "date": "2026-01-03T09:17:03.000Z",
        "url": "https://github.com/Harikesh0501/odoo-2026/commit/f9730471630f0bc8c73a17485639f497426c8935",
        "_id": "698861602d45806345002d15"
      },
      {
        "sha": "3d3b19b3fd35a4ed5b2b0847cdf8ae1b235ab545",
        "message": "feat : changes only",
        "author": "24CS064_Harikesh Patel",
        "date": "2026-01-03T09:00:50.000Z",
        "url": "https://github.com/Harikesh0501/odoo-2026/commit/3d3b19b3fd35a4ed5b2b0847cdf8ae1b235ab545",
        "_id": "698861602d45806345002d16"
      },
      {
        "sha": "ba11423635e609e6d4a15f662e0b06467a757697",
        "message": "feat : create payroll page",
        "author": "24CS064_Harikesh Patel",
        "date": "2026-01-03T08:22:59.000Z",
        "url": "https://github.com/Harikesh0501/odoo-2026/commit/ba11423635e609e6d4a15f662e0b06467a757697",
        "_id": "698861602d45806345002d17"
      },
      {
        "sha": "a141ac016e3b25d29a1fd24481ebb874b7828200",
        "message": "feat : add leave page",
        "author": "24CS064_Harikesh Patel",
        "date": "2026-01-03T07:46:39.000Z",
        "url": "https://github.com/Harikesh0501/odoo-2026/commit/a141ac016e3b25d29a1fd24481ebb874b7828200",
        "_id": "698861602d45806345002d18"
      },
      {
        "sha": "7b5a729652cd98260e706513c82a3cb87d844285",
        "message": "feat (init): this is first commit",
        "author": "24CS064_Harikesh Patel",
        "date": "2026-01-03T07:31:32.000Z",
        "url": "https://github.com/Harikesh0501/odoo-2026/commit/7b5a729652cd98260e706513c82a3cb87d844285",
        "_id": "698861602d45806345002d19"
      }
    ],
    "contributors": [
      {
        "login": "Harikesh0501",
        "avatar_url": "https://avatars.githubusercontent.com/u/206590527?v=4",
        "contributions": 11,
        "profile_url": "https://github.com/Harikesh0501",
        "_id": "698861672d45806345002d45"
      },
      {
        "login": "AditiPatel18",
        "avatar_url": "https://avatars.githubusercontent.com/u/200457121?v=4",
        "contributions": 1,
        "profile_url": "https://github.com/AditiPatel18",
        "_id": "698861672d45806345002d46"
      },
      {
        "login": "Nikunjdesai77",
        "avatar_url": "https://avatars.githubusercontent.com/u/183903225?v=4",
        "contributions": 1,
        "profile_url": "https://github.com/Nikunjdesai77",
        "_id": "698861672d45806345002d47"
      }
    ],
    "branches": [
      {
        "name": "Harikesh0501-patch-1",
        "protected": false,
        "_id": "698861702d45806345002d77"
      },
      {
        "name": "feature/my-changes",
        "protected": false,
        "_id": "698861702d45806345002d78"
      },
      {
        "name": "master",
        "protected": false,
        "_id": "698861702d45806345002d79"
      }
    ],
    "pullRequests": [
      {
        "number": 3,
        "title": "add readmd file for check",
        "state": "closed",
        "author": "Harikesh0501",
        "created_at": "2026-01-28T09:37:14.000Z",
        "url": "https://github.com/Harikesh0501/odoo-2026/pull/3",
        "_id": "698861732d45806345002da9"
      },
      {
        "number": 2,
        "title": "Add new features via command",
        "state": "closed",
        "author": "Harikesh0501",
        "created_at": "2026-01-26T16:33:47.000Z",
        "url": "https://github.com/Harikesh0501/odoo-2026/pull/2",
        "_id": "698861732d45806345002daa"
      }
    ],
    "lastSynced": "2026-02-08T10:12:03.307Z",
    "linkedAt": "2026-02-06T07:28:58.641Z",
    "__v": 0
  },
  {
    "_id": "6986239dbb7956f7bf42f416",
    "projectId": "698620edbb7956f7bf42f208",
    "repoUrl": "https://github.com/Harikesh0501/odoo-2026",
    "repoName": "odoo-2026",
    "owner": "Harikesh0501",
    "description": null,
    "stars": 1,
    "commits": [
      {
        "sha": "27ffabd51e7fb8efa3f7d31350674aa35c6f0538",
        "message": "Merge pull request #3 from Harikesh0501/Harikesh0501-patch-1\n\nadd readmd file for check",
        "author": "24CS064_Harikesh Patel",
        "date": "2026-01-28T09:37:34.000Z",
        "url": "https://github.com/Harikesh0501/odoo-2026/commit/27ffabd51e7fb8efa3f7d31350674aa35c6f0538",
        "_id": "69862409bb7956f7bf42f46f"
      },
      {
        "sha": "65a9a64d0c01f368103e19aa9f136d0717eb0fc7",
        "message": "add readmd file for check\n\naddddddddddddd",
        "author": "24CS064_Harikesh Patel",
        "date": "2026-01-28T09:37:02.000Z",
        "url": "https://github.com/Harikesh0501/odoo-2026/commit/65a9a64d0c01f368103e19aa9f136d0717eb0fc7",
        "_id": "69862409bb7956f7bf42f470"
      },
      {
        "sha": "81ea91f83ee0d7c7dff0e095d81a3335f7c5acfd",
        "message": "Merge pull request #2 from Harikesh0501/feature/my-changes\n\nAdd new features via command",
        "author": "24CS064_Harikesh Patel",
        "date": "2026-01-26T16:34:00.000Z",
        "url": "https://github.com/Harikesh0501/odoo-2026/commit/81ea91f83ee0d7c7dff0e095d81a3335f7c5acfd",
        "_id": "69862409bb7956f7bf42f471"
      },
      {
        "sha": "45abf568c246bb7652b76bad5fd24119181d658d",
        "message": "Add new features via command",
        "author": "Harikesh0501",
        "date": "2026-01-26T01:44:25.000Z",
        "url": "https://github.com/Harikesh0501/odoo-2026/commit/45abf568c246bb7652b76bad5fd24119181d658d",
        "_id": "69862409bb7956f7bf42f472"
      },
      {
        "sha": "2b630d8a1bf77df9c3b3736d712c4448ab4a8521",
        "message": "Create inde.css\n\ndone bro",
        "author": "Aditi Patel",
        "date": "2026-01-22T15:11:10.000Z",
        "url": "https://github.com/Harikesh0501/odoo-2026/commit/2b630d8a1bf77df9c3b3736d712c4448ab4a8521",
        "_id": "69862409bb7956f7bf42f473"
      },
      {
        "sha": "0453c3b007204807f97b7b0cf4c84727967229aa",
        "message": "changed now",
        "author": "24CS064_Harikesh Patel",
        "date": "2026-01-03T09:24:35.000Z",
        "url": "https://github.com/Harikesh0501/odoo-2026/commit/0453c3b007204807f97b7b0cf4c84727967229aa",
        "_id": "69862409bb7956f7bf42f474"
      },
      {
        "sha": "ffe6c749690ad8f607c203b38bffea611df832ed",
        "message": "Create {",
        "author": "24CS064_Harikesh Patel",
        "date": "2026-01-03T09:24:10.000Z",
        "url": "https://github.com/Harikesh0501/odoo-2026/commit/ffe6c749690ad8f607c203b38bffea611df832ed",
        "_id": "69862409bb7956f7bf42f475"
      },
      {
        "sha": "598b7770258a2b7ee89cdeb5ebc5594c5833451a",
        "message": "changes",
        "author": "24CS064_Harikesh Patel",
        "date": "2026-01-03T09:23:57.000Z",
        "url": "https://github.com/Harikesh0501/odoo-2026/commit/598b7770258a2b7ee89cdeb5ebc5594c5833451a",
        "_id": "69862409bb7956f7bf42f476"
      },
      {
        "sha": "f9730471630f0bc8c73a17485639f497426c8935",
        "message": "feat: add Organization page and complete Leaves, Payroll, Organization features",
        "author": "Nikunj Desai",
        "date": "2026-01-03T09:17:03.000Z",
        "url": "https://github.com/Harikesh0501/odoo-2026/commit/f9730471630f0bc8c73a17485639f497426c8935",
        "_id": "69862409bb7956f7bf42f477"
      },
      {
        "sha": "3d3b19b3fd35a4ed5b2b0847cdf8ae1b235ab545",
        "message": "feat : changes only",
        "author": "24CS064_Harikesh Patel",
        "date": "2026-01-03T09:00:50.000Z",
        "url": "https://github.com/Harikesh0501/odoo-2026/commit/3d3b19b3fd35a4ed5b2b0847cdf8ae1b235ab545",
        "_id": "69862409bb7956f7bf42f478"
      },
      {
        "sha": "ba11423635e609e6d4a15f662e0b06467a757697",
        "message": "feat : create payroll page",
        "author": "24CS064_Harikesh Patel",
        "date": "2026-01-03T08:22:59.000Z",
        "url": "https://github.com/Harikesh0501/odoo-2026/commit/ba11423635e609e6d4a15f662e0b06467a757697",
        "_id": "69862409bb7956f7bf42f479"
      },
      {
        "sha": "a141ac016e3b25d29a1fd24481ebb874b7828200",
        "message": "feat : add leave page",
        "author": "24CS064_Harikesh Patel",
        "date": "2026-01-03T07:46:39.000Z",
        "url": "https://github.com/Harikesh0501/odoo-2026/commit/a141ac016e3b25d29a1fd24481ebb874b7828200",
        "_id": "69862409bb7956f7bf42f47a"
      },
      {
        "sha": "7b5a729652cd98260e706513c82a3cb87d844285",
        "message": "feat (init): this is first commit",
        "author": "24CS064_Harikesh Patel",
        "date": "2026-01-03T07:31:32.000Z",
        "url": "https://github.com/Harikesh0501/odoo-2026/commit/7b5a729652cd98260e706513c82a3cb87d844285",
        "_id": "69862409bb7956f7bf42f47b"
      }
    ],
    "contributors": [
      {
        "login": "Harikesh0501",
        "avatar_url": "https://avatars.githubusercontent.com/u/206590527?v=4",
        "contributions": 11,
        "profile_url": "https://github.com/Harikesh0501",
        "_id": "69862409bb7956f7bf42f49b"
      },
      {
        "login": "AditiPatel18",
        "avatar_url": "https://avatars.githubusercontent.com/u/200457121?v=4",
        "contributions": 1,
        "profile_url": "https://github.com/AditiPatel18",
        "_id": "69862409bb7956f7bf42f49c"
      },
      {
        "login": "Nikunjdesai77",
        "avatar_url": "https://avatars.githubusercontent.com/u/183903225?v=4",
        "contributions": 1,
        "profile_url": "https://github.com/Nikunjdesai77",
        "_id": "69862409bb7956f7bf42f49d"
      }
    ],
    "branches": [],
    "pullRequests": [],
    "lastSynced": "2026-02-06T17:25:29.899Z",
    "linkedAt": "2026-02-06T17:23:41.091Z",
    "__v": 0
  }
]