[
  {
    "_id": "6976d43967035a579424f664",
    "title": "ad leval for",
    "description": "sdaddewe",
    "zoomMeetingLink": "https://zoom.us/j/3535615878?pwd=MockPassword123",
    "zoomMeetingId": "3535615878",
    "createdBy": "69767c9bff5bfa36a54698c3",
    "createdByRole": "Mentor",
    "project": "69767e0cff5bfa36a546990c",
    "mentor": "69767c9bff5bfa36a54698c3",
    "teamMembers": [
      {
        "userId": "69767bffff5bfa36a54698b4",
        "name": "Hetayu Patel",
        "email": "24cs064@charusat.edu.in",
        "status": "joined",
        "_id": "6976d43967035a579424f665",
        "joinedAt": "2026-01-26T02:41:31.404Z"
      },
      {
        "userId": "69767e0cff5bfa36a546990a",
        "name": "Aditi Patel",
        "email": "aditi18407@gmail.com",
        "status": "invited",
        "_id": "6976d43967035a579424f666"
      }
    ],
    "scheduledDate": "2026-01-26T02:40:00.000Z",
    "duration": 60,
    "status": "completed",
    "createdAt": "2026-01-26T02:40:57.307Z",
    "updatedAt": "2026-01-26T02:47:26.921Z",
    "__v": 0
  },
  {
    "_id": "6976d5dfe77b824813db6231",
    "title": "create for game ",
    "description": "sdaddewe",
    "zoomMeetingLink": "https://zoom.us/j/4604651963?pwd=MockPassword123",
    "zoomMeetingId": "4604651963",
    "createdBy": "69767c9bff5bfa36a54698c3",
    "createdByRole": "Mentor",
    "project": "69767e0cff5bfa36a546990c",
    "mentor": "69767c9bff5bfa36a54698c3",
    "teamMembers": [
      {
        "userId": "69767bffff5bfa36a54698b4",
        "name": "Hetayu Patel",
        "email": "24cs064@charusat.edu.in",
        "status": "invited",
        "_id": "6976d5dfe77b824813db6232"
      },
      {
        "userId": "69767e0cff5bfa36a546990a",
        "name": "Aditi Patel",
        "email": "aditi18407@gmail.com",
        "status": "invited",
        "_id": "6976d5dfe77b824813db6233"
      }
    ],
    "scheduledDate": "2026-01-26T02:47:00.000Z",
    "duration": 60,
    "status": "ongoing",
    "createdAt": "2026-01-26T02:47:59.004Z",
    "updatedAt": "2026-01-26T02:48:15.450Z",
    "__v": 0
  },
  {
    "_id": "6976da663522eb9e93d52a6c",
    "title": "for dev",
    "description": "ass",
    "zoomMeetingLink": "https://zoom.us/j/7327226594?pwd=MockPassword123",
    "zoomMeetingId": "7327226594",
    "createdBy": "69767c9bff5bfa36a54698c3",
    "createdByRole": "Mentor",
    "project": "69767e0cff5bfa36a546990c",
    "mentor": "69767c9bff5bfa36a54698c3",
    "teamMembers": [
      {
        "userId": "69767bffff5bfa36a54698b4",
        "name": "Hetayu Patel",
        "email": "24cs064@charusat.edu.in",
        "status": "invited",
        "_id": "6976da663522eb9e93d52a6d"
      },
      {
        "userId": "69767e0cff5bfa36a546990a",
        "name": "Aditi Patel",
        "email": "aditi18407@gmail.com",
        "status": "invited",
        "_id": "6976da663522eb9e93d52a6e"
      }
    ],
    "scheduledDate": "2026-01-26T03:07:00.000Z",
    "duration": 60,
    "status": "ongoing",
    "createdAt": "2026-01-26T03:07:18.326Z",
    "updatedAt": "2026-01-26T03:07:21.828Z",
    "__v": 0
  },
  {
    "_id": "6978da827d37367004a80275",
    "title": "Project mmmmmm",
    "description": "fewrfw",
    "zoomMeetingLink": "https://zoom.us/j/7976598831?pwd=MockPassword123",
    "zoomMeetingId": "7976598831",
    "createdBy": "69767c9bff5bfa36a54698c3",
    "createdByRole": "Mentor",
    "project": "6976c606faee1340da5b7446",
    "mentor": "69767c9bff5bfa36a54698c3",
    "teamMembers": [
      {
        "userId": "69767bffff5bfa36a54698b4",
        "name": "Hetayu Patel",
        "email": "24cs064@charusat.edu.in",
        "status": "invited",
        "_id": "6978da827d37367004a80276"
      }
    ],
    "scheduledDate": "2026-01-27T15:31:00.000Z",
    "duration": 60,
    "status": "ongoing",
    "createdAt": "2026-01-27T15:32:18.521Z",
    "updatedAt": "2026-01-27T15:32:27.127Z",
    "__v": 0
  },
  {
    "_id": "6978e2f09c971baf1c9da69f",
    "title": "weekly meetings",
    "description": "for project",
    "zoomMeetingLink": "https://us05web.zoom.us/j/81761481692?pwd=MUFxlolvxba7eFJnIyMOCWJOdVFmZn.1",
    "zoomMeetingId": "81761481692",
    "createdBy": "69767c9bff5bfa36a54698c3",
    "createdByRole": "Mentor",
    "project": "6976c606faee1340da5b7446",
    "mentor": "69767c9bff5bfa36a54698c3",
    "teamMembers": [
      {
        "userId": "69767bffff5bfa36a54698b4",
        "name": "Hetayu Patel",
        "email": "24cs064@charusat.edu.in",
        "status": "invited",
        "_id": "6978e2f09c971baf1c9da6a0"
      }
    ],
    "scheduledDate": "2026-01-27T16:07:00.000Z",
    "duration": 60,
    "status": "ongoing",
    "createdAt": "2026-01-27T16:08:16.721Z",
    "updatedAt": "2026-01-27T16:08:23.394Z",
    "__v": 0
  },
  {
    "_id": "697a49b85933a7ddadca29e9",
    "title": "qdwqdswsdcs",
    "description": "qwsad",
    "zoomMeetingLink": "https://us05web.zoom.us/j/88962182855?pwd=Lwz2m1VqS5EDKEXtnkiZKab4PBbm4p.1",
    "zoomMeetingId": "88962182855",
    "createdBy": "69767c9bff5bfa36a54698c3",
    "createdByRole": "Mentor",
    "project": "697a037ba1e291e5d82961fc",
    "mentor": "69767c9bff5bfa36a54698c3",
    "teamMembers": [
      {
        "userId": "69767bffff5bfa36a54698b4",
        "name": "Hetayu Patel",
        "email": "24cs064@charusat.edu.in",
        "status": "joined",
        "_id": "697a49b85933a7ddadca29ea",
        "joinedAt": "2026-01-28T17:40:14.724Z"
      },
      {
        "userId": "697a033aa1e291e5d82961e2",
        "name": "aditi",
        "email": "aditi18407@gmail.com",
        "status": "invited",
        "_id": "697a49b85933a7ddadca29eb"
      }
    ],
    "scheduledDate": "2026-01-28T17:38:00.000Z",
    "duration": 60,
    "status": "completed",
    "createdAt": "2026-01-28T17:39:04.234Z",
    "updatedAt": "2026-01-28T17:50:15.092Z",
    "__v": 0
  },
  {
    "_id": "697a4ed15933a7ddadca2c60",
    "title": "fbfdvc",
    "description": "asdcvx ",
    "zoomMeetingLink": "https://us05web.zoom.us/j/89207112189?pwd=F2IZy6V1Dx6bjVL0BlYv0EIQVnrPPT.1",
    "zoomMeetingId": "89207112189",
    "createdBy": "69767c9bff5bfa36a54698c3",
    "createdByRole": "Mentor",
    "project": "697a037ba1e291e5d82961fc",
    "mentor": "69767c9bff5bfa36a54698c3",
    "teamMembers": [
      {
        "userId": "69767bffff5bfa36a54698b4",
        "name": "Hetayu Patel",
        "email": "24cs064@charusat.edu.in",
        "status": "invited",
        "_id": "697a4ed15933a7ddadca2c61"
      },
      {
        "userId": "697a033aa1e291e5d82961e2",
        "name": "aditi",
        "email": "aditi18407@gmail.com",
        "status": "invited",
        "_id": "697a4ed15933a7ddadca2c62"
      }
    ],
    "scheduledDate": "2026-01-28T18:00:00.000Z",
    "duration": 60,
    "status": "scheduled",
    "createdAt": "2026-01-28T18:00:49.356Z",
    "updatedAt": "2026-01-28T18:00:49.356Z",
    "__v": 0
  },
  {
    "_id": "697b96f4562733a2f0d72e05",
    "title": "NEW",
    "description": "SDFSAFS",
    "zoomMeetingLink": "https://us05web.zoom.us/j/86322020796?pwd=SFkLXsZM8ZUo0PDtLtbb5KsFdK3qBz.1",
    "zoomMeetingId": "86322020796",
    "createdBy": "69767c9bff5bfa36a54698c3",
    "createdByRole": "Mentor",
    "project": "697b8488e66e6e626265a5e8",
    "mentor": "69767c9bff5bfa36a54698c3",
    "teamMembers": [
      {
        "userId": "69767bffff5bfa36a54698b4",
        "name": "Hetayu Patel",
        "email": "24cs064@charusat.edu.in",
        "status": "invited",
        "_id": "697b96f4562733a2f0d72e06"
      },
      {
        "userId": "697a033aa1e291e5d82961e2",
        "name": "Aditi Patel",
        "email": "aditi18407@gmail.com",
        "status": "invited",
        "_id": "697b96f4562733a2f0d72e07"
      }
    ],
    "scheduledDate": "2026-01-29T17:20:00.000Z",
    "duration": 60,
    "status": "completed",
    "createdAt": "2026-01-29T17:20:52.366Z",
    "updatedAt": "2026-02-01T13:01:44.649Z",
    "__v": 0
  },
  {
    "_id": "697c3fb893d0ea63ebabeb05",
    "title": "dsfsf",
    "description": "ddfdf",
    "zoomMeetingLink": "https://us05web.zoom.us/j/89546908523?pwd=lYefRMdUVPTujDcCy17aqUh10t02LY.1",
    "zoomMeetingId": "89546908523",
    "createdBy": "69767c9bff5bfa36a54698c3",
    "createdByRole": "Mentor",
    "project": "697b8488e66e6e626265a5e8",
    "mentor": "69767c9bff5bfa36a54698c3",
    "teamMembers": [
      {
        "userId": "69767bffff5bfa36a54698b4",
        "name": "Hetayu Patel",
        "email": "24cs064@charusat.edu.in",
        "status": "invited",
        "_id": "697c3fb893d0ea63ebabeb06"
      },
      {
        "userId": "697a033aa1e291e5d82961e2",
        "name": "Aditi Patel",
        "email": "aditi18407@gmail.com",
        "status": "invited",
        "_id": "697c3fb893d0ea63ebabeb07"
      }
    ],
    "scheduledDate": "2026-01-30T05:20:00.000Z",
    "duration": 60,
    "status": "completed",
    "createdAt": "2026-01-30T05:20:56.429Z",
    "updatedAt": "2026-02-01T13:01:44.650Z",
    "__v": 0
  },
  {
    "_id": "69862218bb7956f7bf42f2c9",
    "title": "for the website",
    "description": "for the project",
    "zoomMeetingLink": "https://us05web.zoom.us/j/86298137837?pwd=1lDtVlNLUzdMzd78yVtXj5dYE6appA.1",
    "zoomMeetingId": "86298137837",
    "createdBy": "69767c9bff5bfa36a54698c3",
    "createdByRole": "Mentor",
    "project": "698620edbb7956f7bf42f208",
    "mentor": "69767c9bff5bfa36a54698c3",
    "teamMembers": [
      {
        "userId": "698620d4bb7956f7bf42f1fe",
        "name": "aryan patel",
        "email": "24dcs070@charusat.edu.in",
        "status": "invited",
        "_id": "69862218bb7956f7bf42f2ca"
      },
      {
        "userId": "698620d4bb7956f7bf42f1fe",
        "name": "aryan patel",
        "email": "24dcs070@charusat.edu.in",
        "status": "invited",
        "_id": "69862218bb7956f7bf42f2cb"
      }
    ],
    "scheduledDate": "2026-02-06T17:16:00.000Z",
    "duration": 60,
    "status": "scheduled",
    "createdAt": "2026-02-06T17:17:12.380Z",
    "updatedAt": "2026-02-06T17:17:12.380Z",
    "__v": 0
  }
]