[
  {
    "_id": "6976c9e9faee1340da5b7907",
    "title": "add the leval engine",
    "description": "add the fast work",
    "project": "6976c606faee1340da5b7446",
    "submilestones": [
      "6976c9eafaee1340da5b7909"
    ],
    "tasks": [],
    "dueDate": "2026-01-27T00:00:00.000Z",
    "status": "Approved",
    "priority": "High",
    "isSubMilestone": false,
    "submissionStatus": "approved",
    "completionPercentage": 0,
    "order": 0,
    "createdAt": "2026-01-26T01:56:57.995Z",
    "updatedAt": "2026-01-27T17:14:02.285Z",
    "__v": 1,
    "submissionDescription": "added all the done work",
    "submissionGithubLink": "https://github.com/Harikesh0501/odoo-2026",
    "submittedAt": "2026-01-26T01:57:46.851Z",
    "submittedBy": "69767bffff5bfa36a54698b4",
    "approvalNotes": "done",
    "approvedAt": "2026-01-27T17:14:02.284Z",
    "approvedBy": "69767c9bff5bfa36a54698c3"
  },
  {
    "_id": "6976c9eafaee1340da5b7909",
    "title": "add the leval engine - Phase 1",
    "description": "Sub-milestone 1 for add the leval engine",
    "project": "6976c606faee1340da5b7446",
    "parentMilestone": "6976c9e9faee1340da5b7907",
    "submilestones": [],
    "tasks": [],
    "dueDate": "2026-02-03T00:00:00.000Z",
    "status": "Not Started",
    "priority": "High",
    "isSubMilestone": true,
    "submissionStatus": null,
    "completionPercentage": 0,
    "order": 0,
    "createdAt": "2026-01-26T01:56:58.021Z",
    "updatedAt": "2026-01-26T01:56:58.021Z",
    "__v": 0
  },
  {
    "_id": "6978fddfc2d13ba1632e6c94",
    "title": "use the ingradients",
    "description": "work fast and properly",
    "project": "6978fceac2d13ba1632e6aae",
    "submilestones": [
      "6978fddfc2d13ba1632e6c96"
    ],
    "tasks": [],
    "dueDate": "2026-01-29T00:00:00.000Z",
    "status": "Approved",
    "priority": "High",
    "isSubMilestone": false,
    "submissionStatus": "approved",
    "completionPercentage": 0,
    "order": 0,
    "createdAt": "2026-01-27T18:03:11.909Z",
    "updatedAt": "2026-01-27T18:10:16.201Z",
    "__v": 1,
    "submissionDescription": "done ",
    "submissionGithubLink": "https://github.com/Harikesh0501/odoo-2026",
    "submittedAt": "2026-01-27T18:08:37.642Z",
    "submittedBy": "69767bffff5bfa36a54698b4",
    "approvalNotes": "done chhe bhai\n",
    "approvedAt": "2026-01-27T18:10:16.201Z",
    "approvedBy": "69767c9bff5bfa36a54698c3"
  },
  {
    "_id": "6978fddfc2d13ba1632e6c96",
    "title": "use the ingradients - Phase 1",
    "description": "Sub-milestone 1 for use the ingradients",
    "project": "6978fceac2d13ba1632e6aae",
    "parentMilestone": "6978fddfc2d13ba1632e6c94",
    "submilestones": [],
    "tasks": [],
    "dueDate": "2026-02-05T00:00:00.000Z",
    "status": "Not Started",
    "priority": "High",
    "isSubMilestone": true,
    "submissionStatus": null,
    "completionPercentage": 0,
    "order": 0,
    "createdAt": "2026-01-27T18:03:11.968Z",
    "updatedAt": "2026-01-27T18:03:11.968Z",
    "__v": 0
  },
  {
    "_id": "6978ffa3c2d13ba1632e6ed7",
    "title": "how you ix it",
    "description": "fast the work",
    "project": "6978fceac2d13ba1632e6aae",
    "submilestones": [
      "6978ffa3c2d13ba1632e6ed9"
    ],
    "tasks": [],
    "dueDate": "2026-01-28T00:00:00.000Z",
    "status": "Approved",
    "priority": "Medium",
    "isSubMilestone": false,
    "submissionStatus": "approved",
    "completionPercentage": 0,
    "order": 0,
    "createdAt": "2026-01-27T18:10:43.300Z",
    "updatedAt": "2026-01-28T08:36:06.224Z",
    "__v": 1,
    "submissionDescription": "thai gyu complete",
    "submissionGithubLink": "https://github.com/Harikesh0501/odoo-2026",
    "submittedAt": "2026-01-27T18:12:56.272Z",
    "submittedBy": "69767bffff5bfa36a54698b4",
    "approvalNotes": "oky",
    "approvedAt": "2026-01-28T08:36:06.221Z",
    "approvedBy": "69767c9bff5bfa36a54698c3"
  },
  {
    "_id": "6978ffa3c2d13ba1632e6ed9",
    "title": "how you ix it - Phase 1",
    "description": "Sub-milestone 1 for how you ix it",
    "project": "6978fceac2d13ba1632e6aae",
    "parentMilestone": "6978ffa3c2d13ba1632e6ed7",
    "submilestones": [],
    "tasks": [],
    "dueDate": "2026-02-04T00:00:00.000Z",
    "status": "Not Started",
    "priority": "Medium",
    "isSubMilestone": true,
    "submissionStatus": null,
    "completionPercentage": 0,
    "order": 0,
    "createdAt": "2026-01-27T18:10:43.344Z",
    "updatedAt": "2026-01-27T18:10:43.344Z",
    "__v": 0
  },
  {
    "_id": "6979d1b11c22efd086c2a716",
    "title": "add the chemicals",
    "description": "add fast and done it",
    "project": "6978fceac2d13ba1632e6aae",
    "submilestones": [],
    "tasks": [],
    "dueDate": "2026-01-28T00:00:00.000Z",
    "status": "Approved",
    "priority": "High",
    "isSubMilestone": false,
    "submissionStatus": "approved",
    "completionPercentage": 0,
    "order": 0,
    "createdAt": "2026-01-28T09:06:57.707Z",
    "updatedAt": "2026-01-28T09:34:11.884Z",
    "__v": 0,
    "submissionDescription": "done sir",
    "submissionGithubLink": "https://github.com/Harikesh0501/odoo-2026",
    "submittedAt": "2026-01-28T09:17:09.112Z",
    "submittedBy": "69767bffff5bfa36a54698b4",
    "approvalNotes": "ss",
    "approvedAt": "2026-01-28T09:34:11.880Z",
    "approvedBy": "69767c9bff5bfa36a54698c3"
  },
  {
    "_id": "697b86d7e66e6e626265aa62",
    "title": "add the engine ",
    "description": "add work fast",
    "project": "697b8488e66e6e626265a5e8",
    "submilestones": [],
    "tasks": [],
    "dueDate": "2026-01-30T00:00:00.000Z",
    "status": "Approved",
    "priority": "High",
    "isSubMilestone": false,
    "submissionStatus": "approved",
    "completionPercentage": 0,
    "order": 0,
    "createdAt": "2026-01-29T16:12:07.818Z",
    "updatedAt": "2026-01-29T16:28:15.511Z",
    "__v": 0,
    "submissionDescription": "ASDFGHJK",
    "submissionGithubLink": "https://github.com/Harikesh0501/odoo-2026",
    "submittedAt": "2026-01-29T16:23:46.929Z",
    "submittedBy": "69767bffff5bfa36a54698b4",
    "approvalNotes": "ASDFGBBN",
    "approvedAt": "2026-01-29T16:28:15.508Z",
    "approvedBy": "69767c9bff5bfa36a54698c3"
  },
  {
    "_id": "697b86e9e66e6e626265aa68",
    "title": "add the leval",
    "description": "add fast leval",
    "project": "697b8488e66e6e626265a5e8",
    "submilestones": [],
    "tasks": [],
    "dueDate": "2026-01-31T00:00:00.000Z",
    "status": "Approved",
    "priority": "High",
    "isSubMilestone": false,
    "submissionStatus": "approved",
    "completionPercentage": 0,
    "order": 0,
    "createdAt": "2026-01-29T16:12:25.729Z",
    "updatedAt": "2026-01-29T16:28:04.689Z",
    "__v": 0,
    "submissionDescription": "qawesrdtfgyuhijokp[]",
    "submissionGithubLink": "https://github.com/Harikesh0501/odoo-2026",
    "submittedAt": "2026-01-29T16:24:03.637Z",
    "submittedBy": "69767bffff5bfa36a54698b4",
    "approvalNotes": "aSDFGVBN",
    "approvedAt": "2026-01-29T16:28:04.687Z",
    "approvedBy": "69767c9bff5bfa36a54698c3"
  },
  {
    "_id": "697b86fce66e6e626265aa6c",
    "title": "add the milest",
    "description": "asdfghjk",
    "project": "697b8488e66e6e626265a5e8",
    "submilestones": [],
    "tasks": [],
    "dueDate": "2026-02-01T00:00:00.000Z",
    "status": "Approved",
    "priority": "High",
    "isSubMilestone": false,
    "submissionStatus": "approved",
    "completionPercentage": 0,
    "order": 0,
    "createdAt": "2026-01-29T16:12:44.879Z",
    "updatedAt": "2026-01-29T16:27:53.149Z",
    "__v": 0,
    "submissionDescription": "AWSDFGHJKL",
    "submissionGithubLink": "https://github.com/Harikesh0501/odoo-2026",
    "submittedAt": "2026-01-29T16:24:15.803Z",
    "submittedBy": "69767bffff5bfa36a54698b4",
    "approvalNotes": "asdf",
    "approvedAt": "2026-01-29T16:27:53.146Z",
    "approvedBy": "69767c9bff5bfa36a54698c3"
  },
  {
    "_id": "697b8709e66e6e626265aa72",
    "title": "add the prof",
    "description": "ASDFGHJK",
    "project": "697b8488e66e6e626265a5e8",
    "submilestones": [],
    "tasks": [],
    "dueDate": "2026-02-03T00:00:00.000Z",
    "status": "Submitted",
    "priority": "High",
    "isSubMilestone": false,
    "submissionStatus": "pending",
    "completionPercentage": 0,
    "order": 0,
    "createdAt": "2026-01-29T16:12:57.384Z",
    "updatedAt": "2026-01-29T16:29:16.971Z",
    "__v": 0,
    "submissionDescription": "AESDFG",
    "submissionGithubLink": "https://github.com/Harikesh0501/odoo-2026",
    "submittedAt": "2026-01-29T16:29:16.968Z",
    "submittedBy": "69767bffff5bfa36a54698b4"
  },
  {
    "_id": "698398c26cfe6b063e13dadc",
    "title": "Interactive Chat UI Ready",
    "description": "A functional web-based chat interface is developed and successfully communicates with the backend API to send queries and display AI answers.",
    "project": "698397ae6cfe6b063e13d799",
    "submilestones": [],
    "tasks": [],
    "dueDate": "2026-02-05T19:06:42.699Z",
    "status": "Not Started",
    "priority": "Medium",
    "isSubMilestone": false,
    "submissionStatus": null,
    "completionPercentage": 0,
    "order": 0,
    "createdAt": "2026-02-04T19:06:42.736Z",
    "updatedAt": "2026-02-04T19:06:42.736Z",
    "__v": 0
  },
  {
    "_id": "698398c26cfe6b063e13dade",
    "title": "Backend & AI Core Operational",
    "description": "The Flask API is successfully running, integrates with the LLM API, and can generate basic career guidance responses for direct calls.",
    "project": "698397ae6cfe6b063e13d799",
    "submilestones": [],
    "tasks": [],
    "dueDate": "2026-02-05T19:06:42.698Z",
    "status": "Not Started",
    "priority": "Medium",
    "isSubMilestone": false,
    "submissionStatus": null,
    "completionPercentage": 0,
    "order": 0,
    "createdAt": "2026-02-04T19:06:42.740Z",
    "updatedAt": "2026-02-04T19:06:42.740Z",
    "__v": 0
  },
  {
    "_id": "698398c26cfe6b063e13dae2",
    "title": "Presentation-Ready Application",
    "description": "The project is stable, includes basic documentation, and is ready for demonstration or deployment to a simple hosting service.",
    "project": "698397ae6cfe6b063e13d799",
    "submilestones": [],
    "tasks": [],
    "dueDate": "2026-02-06T19:06:42.699Z",
    "status": "Not Started",
    "priority": "Medium",
    "isSubMilestone": false,
    "submissionStatus": null,
    "completionPercentage": 0,
    "order": 0,
    "createdAt": "2026-02-04T19:06:42.743Z",
    "updatedAt": "2026-02-04T19:06:42.743Z",
    "__v": 0
  },
  {
    "_id": "698398c26cfe6b063e13dae0",
    "title": "End-to-End Functional Prototype",
    "description": "The complete chatbot system is integrated, tested for basic functionality, and provides coherent career guidance responses from the UI.",
    "project": "698397ae6cfe6b063e13d799",
    "submilestones": [],
    "tasks": [],
    "dueDate": "2026-02-06T19:06:42.699Z",
    "status": "Not Started",
    "priority": "Medium",
    "isSubMilestone": false,
    "submissionStatus": null,
    "completionPercentage": 0,
    "order": 0,
    "createdAt": "2026-02-04T19:06:42.742Z",
    "updatedAt": "2026-02-04T19:06:42.742Z",
    "__v": 0
  },
  {
    "_id": "69839f29e7d03a1cdaeb5b97",
    "title": "Enhanced Conversational Flow & UI Polish",
    "description": "The chatbot can maintain basic conversation context, providing more relevant multi-turn responses. The user interface is polished with basic styling and error handling messages.",
    "project": "698397ae6cfe6b063e13d799",
    "submilestones": [],
    "tasks": [],
    "dueDate": "2026-02-06T13:34:01.475Z",
    "status": "Not Started",
    "priority": "Medium",
    "isSubMilestone": false,
    "submissionStatus": null,
    "completionPercentage": 0,
    "order": 0,
    "createdAt": "2026-02-04T19:34:01.540Z",
    "updatedAt": "2026-02-04T19:34:01.540Z",
    "__v": 0
  },
  {
    "_id": "69839f29e7d03a1cdaeb5b95",
    "title": "AI Backend Operational",
    "description": "Successfully connect to the OpenAI API from the backend, allowing a script to send a predefined career query and receive a valid response.",
    "project": "698397ae6cfe6b063e13d799",
    "submilestones": [],
    "tasks": [],
    "dueDate": "2026-02-05T07:34:01.474Z",
    "status": "Approved",
    "priority": "Medium",
    "isSubMilestone": false,
    "submissionStatus": "approved",
    "completionPercentage": 0,
    "order": 0,
    "createdAt": "2026-02-04T19:34:01.536Z",
    "updatedAt": "2026-02-06T10:01:00.189Z",
    "__v": 0,
    "submissionDescription": "done",
    "submissionGithubLink": "https://github.com/Harikesh0501/odoo-2026",
    "submittedAt": "2026-02-06T07:28:26.699Z",
    "submittedBy": "69767bffff5bfa36a54698b4",
    "approvalNotes": "",
    "approvedAt": "2026-02-06T10:01:00.188Z",
    "approvedBy": "69767b68ff5bfa36a54698a3"
  },
  {
    "_id": "69839f29e7d03a1cdaeb5b99",
    "title": "Basic Chatbot MVP Achieved",
    "description": "A functional end-to-end chat flow is established: users can type a message in the UI, send it to the backend, receive an AI response, and see it displayed in the chat interface.",
    "project": "698397ae6cfe6b063e13d799",
    "submilestones": [],
    "tasks": [],
    "dueDate": "2026-02-05T19:34:01.474Z",
    "status": "Not Started",
    "priority": "Medium",
    "isSubMilestone": false,
    "submissionStatus": null,
    "completionPercentage": 0,
    "order": 0,
    "createdAt": "2026-02-04T19:34:01.548Z",
    "updatedAt": "2026-02-04T19:34:01.548Z",
    "__v": 0
  },
  {
    "_id": "69839f29e7d03a1cdaeb5b9b",
    "title": "Presentation Ready",
    "description": "All core features are implemented, thoroughly tested, and the project is ready for demonstration with clear instructions and a clean interface.",
    "project": "698397ae6cfe6b063e13d799",
    "submilestones": [],
    "tasks": [],
    "dueDate": "2026-02-07T01:34:01.475Z",
    "status": "Not Started",
    "priority": "Medium",
    "isSubMilestone": false,
    "submissionStatus": null,
    "completionPercentage": 0,
    "order": 0,
    "createdAt": "2026-02-04T19:34:01.556Z",
    "updatedAt": "2026-02-04T19:34:01.556Z",
    "__v": 0
  },
  {
    "_id": "6983a9c66ffdf6d6d5c7c019",
    "title": "Basic Chat UI Operational",
    "description": "Frontend interface can send user messages to the backend and display placeholder or initial AI-generated responses.",
    "project": "698397ae6cfe6b063e13d799",
    "submilestones": [],
    "tasks": [],
    "dueDate": "2026-02-11T20:19:18.567Z",
    "status": "Not Started",
    "priority": "Medium",
    "isSubMilestone": false,
    "submissionStatus": null,
    "completionPercentage": 0,
    "order": 0,
    "createdAt": "2026-02-04T20:19:18.653Z",
    "updatedAt": "2026-02-04T20:19:18.653Z",
    "__v": 0
  },
  {
    "_id": "6983a9c66ffdf6d6d5c7c01b",
    "title": "Demo Ready",
    "description": "Chatbot is stable, thoroughly tested, and ready for a compelling presentation with all core features functional.",
    "project": "698397ae6cfe6b063e13d799",
    "submilestones": [],
    "tasks": [],
    "dueDate": "2026-02-25T20:19:18.567Z",
    "status": "Not Started",
    "priority": "Medium",
    "isSubMilestone": false,
    "submissionStatus": null,
    "completionPercentage": 0,
    "order": 0,
    "createdAt": "2026-02-04T20:19:18.662Z",
    "updatedAt": "2026-02-04T20:19:18.662Z",
    "__v": 0
  },
  {
    "_id": "6983a9c66ffdf6d6d5c7c01d",
    "title": "End-to-End Chatbot Working",
    "description": "Fully integrated frontend and backend, allowing users to interact with the AI chatbot and receive relevant guidance in a stable manner.",
    "project": "698397ae6cfe6b063e13d799",
    "submilestones": [],
    "tasks": [],
    "dueDate": "2026-02-18T20:19:18.567Z",
    "status": "Not Started",
    "priority": "Medium",
    "isSubMilestone": false,
    "submissionStatus": null,
    "completionPercentage": 0,
    "order": 0,
    "createdAt": "2026-02-04T20:19:18.666Z",
    "updatedAt": "2026-02-04T20:19:18.666Z",
    "__v": 0
  },
  {
    "_id": "6983a9c66ffdf6d6d5c7c01f",
    "title": "AI Backend Functional",
    "description": "Successfully integrated with OpenAI API, capable of receiving a prompt and returning a basic career-related response.",
    "project": "698397ae6cfe6b063e13d799",
    "submilestones": [],
    "tasks": [],
    "dueDate": "2026-02-07T20:19:18.566Z",
    "status": "Not Started",
    "priority": "Medium",
    "isSubMilestone": false,
    "submissionStatus": null,
    "completionPercentage": 0,
    "order": 0,
    "createdAt": "2026-02-04T20:19:18.673Z",
    "updatedAt": "2026-02-04T20:19:18.673Z",
    "__v": 0
  },
  {
    "_id": "6983ac99afb8ded663d1ceee",
    "title": "Authentication MVP Complete",
    "description": "User registration and login functionality fully operational, supporting different user roles.",
    "project": "6983ac75afb8ded663d1cebc",
    "submilestones": [],
    "tasks": [],
    "dueDate": "2026-02-11T20:31:20.932Z",
    "status": "Not Started",
    "priority": "Medium",
    "isSubMilestone": false,
    "submissionStatus": null,
    "completionPercentage": 0,
    "order": 0,
    "createdAt": "2026-02-04T20:31:21.009Z",
    "updatedAt": "2026-02-04T20:31:21.009Z",
    "__v": 0
  },
  {
    "_id": "6983ac99afb8ded663d1cef0",
    "title": "Core Project Features Operational",
    "description": "Projects can be created, tasks managed, and users can be invited and collaborate within projects.",
    "project": "6983ac75afb8ded663d1cebc",
    "submilestones": [],
    "tasks": [],
    "dueDate": "2026-02-18T20:31:20.932Z",
    "status": "Not Started",
    "priority": "Medium",
    "isSubMilestone": false,
    "submissionStatus": null,
    "completionPercentage": 0,
    "order": 0,
    "createdAt": "2026-02-04T20:31:21.021Z",
    "updatedAt": "2026-02-04T20:31:21.021Z",
    "__v": 0
  },
  {
    "_id": "6983ac99afb8ded663d1cef2",
    "title": "Admin Oversight & System Readiness",
    "description": "Admin dashboard is functional, system has undergone testing, and is prepared for soft launch/demonstration.",
    "project": "6983ac75afb8ded663d1cebc",
    "submilestones": [],
    "tasks": [],
    "dueDate": "2026-02-25T20:31:20.933Z",
    "status": "Not Started",
    "priority": "Medium",
    "isSubMilestone": false,
    "submissionStatus": null,
    "completionPercentage": 0,
    "order": 0,
    "createdAt": "2026-02-04T20:31:21.025Z",
    "updatedAt": "2026-02-04T20:31:21.025Z",
    "__v": 0
  },
  {
    "_id": "69840fd791b18e047a02b0d2",
    "title": "Hand Gesture Detection POC Complete",
    "description": "Successfully detect and track hand landmarks in real-time from a camera feed.",
    "project": "69840f7d91b18e047a02b07e",
    "submilestones": [],
    "tasks": [],
    "dueDate": "2026-02-12T03:34:46.987Z",
    "status": "Approved",
    "priority": "Medium",
    "isSubMilestone": false,
    "submissionStatus": "approved",
    "completionPercentage": 0,
    "order": 0,
    "createdAt": "2026-02-05T03:34:47.096Z",
    "updatedAt": "2026-02-06T07:37:12.263Z",
    "__v": 0,
    "submissionDescription": "done",
    "submissionGithubLink": "https://github.com/Harikesh0501/odoo-2026",
    "submittedAt": "2026-02-06T07:29:13.302Z",
    "submittedBy": "69767bffff5bfa36a54698b4",
    "approvalNotes": "changes chhe pn p6i kri deje\n",
    "approvedAt": "2026-02-06T07:37:12.262Z",
    "approvedBy": "69767c9bff5bfa36a54698c3"
  },
  {
    "_id": "69840fd791b18e047a02b0d4",
    "title": "Initial Gesture Classification Model Trained",
    "description": "A preliminary ML model is trained on a small dataset and can classify at least 3-5 distinct signs with reasonable accuracy.",
    "project": "69840f7d91b18e047a02b07e",
    "submilestones": [],
    "tasks": [],
    "dueDate": "2026-02-22T03:34:46.988Z",
    "status": "In Progress",
    "priority": "Medium",
    "isSubMilestone": false,
    "submissionStatus": "rejected",
    "completionPercentage": 0,
    "order": 0,
    "createdAt": "2026-02-05T03:34:47.105Z",
    "updatedAt": "2026-02-07T05:37:43.851Z",
    "__v": 0,
    "submissionDescription": "done",
    "submissionGithubLink": "https://github.com/Harikesh0501/odoo-2026",
    "submittedAt": "2026-02-07T04:00:06.036Z",
    "submittedBy": "69767bffff5bfa36a54698b4",
    "approvalNotes": "change this"
  },
  {
    "_id": "69840fd791b18e047a02b0d6",
    "title": "Real-time Translation Prototype",
    "description": "A working end-to-end prototype capable of real-time hand gesture detection, classification, and basic textual output.",
    "project": "69840f7d91b18e047a02b07e",
    "submilestones": [],
    "tasks": [],
    "dueDate": "2026-03-01T03:34:46.988Z",
    "status": "Not Started",
    "priority": "Medium",
    "isSubMilestone": false,
    "submissionStatus": null,
    "completionPercentage": 0,
    "order": 0,
    "createdAt": "2026-02-05T03:34:47.114Z",
    "updatedAt": "2026-02-05T03:34:47.114Z",
    "__v": 0
  },
  {
    "_id": "69862191bb7956f7bf42f273",
    "title": "Complete User Interface & Functionality",
    "description": "All major frontend components (restaurant list, menu, cart, checkout, order history) are integrated and functional.",
    "project": "698620edbb7956f7bf42f208",
    "submilestones": [],
    "tasks": [],
    "dueDate": "2026-02-27T17:14:57.570Z",
    "status": "Not Started",
    "priority": "Medium",
    "isSubMilestone": false,
    "submissionStatus": null,
    "completionPercentage": 0,
    "order": 0,
    "createdAt": "2026-02-06T17:14:57.631Z",
    "updatedAt": "2026-02-06T17:14:57.631Z",
    "__v": 0
  },
  {
    "_id": "69862191bb7956f7bf42f275",
    "title": "End-to-End Order Placement Flow",
    "description": "Backend API for order creation is complete, and a basic frontend flow allows a user to select items and place an order.",
    "project": "698620edbb7956f7bf42f208",
    "submilestones": [],
    "tasks": [],
    "dueDate": "2026-02-23T17:14:57.570Z",
    "status": "Not Started",
    "priority": "Medium",
    "isSubMilestone": false,
    "submissionStatus": null,
    "completionPercentage": 0,
    "order": 0,
    "createdAt": "2026-02-06T17:14:57.634Z",
    "updatedAt": "2026-02-06T17:14:57.634Z",
    "__v": 0
  },
  {
    "_id": "69862191bb7956f7bf42f279",
    "title": "Project Ready for Demo/Submission",
    "description": "Application is fully functional, polished, and deployed, with essential documentation prepared.",
    "project": "698620edbb7956f7bf42f208",
    "submilestones": [],
    "tasks": [],
    "dueDate": "2026-03-02T17:14:57.571Z",
    "status": "Not Started",
    "priority": "Medium",
    "isSubMilestone": false,
    "submissionStatus": null,
    "completionPercentage": 0,
    "order": 0,
    "createdAt": "2026-02-06T17:14:57.976Z",
    "updatedAt": "2026-02-06T17:14:57.976Z",
    "__v": 0
  },
  {
    "_id": "69862191bb7956f7bf42f27b",
    "title": "Core Backend API Operational",
    "description": "All backend APIs for user authentication, restaurant, and menu management are developed, tested, and functional.",
    "project": "698620edbb7956f7bf42f208",
    "submilestones": [],
    "tasks": [],
    "dueDate": "2026-02-13T17:14:57.570Z",
    "status": "Not Started",
    "priority": "Medium",
    "isSubMilestone": false,
    "submissionStatus": null,
    "completionPercentage": 0,
    "order": 0,
    "createdAt": "2026-02-06T17:14:57.978Z",
    "updatedAt": "2026-02-06T17:14:57.978Z",
    "__v": 0
  }
]