[
  {
    "_id": "6976d43967035a579424f66d",
    "recipient": "69767e0cff5bfa36a546990a",
    "type": "meeting_created",
    "title": "New Meeting Scheduled: ad leval for",
    "message": "Hetu Patel has invited you to a meeting: \"ad leval for\" scheduled for 26/1/2026, 8:10:00 am",
    "relatedMeeting": "6976d43967035a579424f664",
    "relatedProject": "69767e0cff5bfa36a546990c",
    "createdBy": "69767c9bff5bfa36a54698c3",
    "isRead": false,
    "createdAt": "2026-01-26T02:40:57.389Z",
    "expiresAt": "2026-02-25T02:40:57.389Z",
    "updatedAt": "2026-01-26T02:40:57.389Z",
    "__v": 0
  },
  {
    "_id": "6976d5dfe77b824813db623a",
    "recipient": "69767e0cff5bfa36a546990a",
    "type": "meeting_created",
    "title": "New Meeting Scheduled: create for game ",
    "message": "Hetu Patel has invited you to a meeting: \"create for game \" scheduled for 26/1/2026, 8:17:00 am",
    "relatedMeeting": "6976d5dfe77b824813db6231",
    "relatedProject": "69767e0cff5bfa36a546990c",
    "createdBy": "69767c9bff5bfa36a54698c3",
    "isRead": false,
    "createdAt": "2026-01-26T02:47:59.083Z",
    "expiresAt": "2026-02-25T02:47:59.083Z",
    "updatedAt": "2026-01-26T02:47:59.083Z",
    "__v": 0
  },
  {
    "_id": "6976da663522eb9e93d52a75",
    "recipient": "69767e0cff5bfa36a546990a",
    "type": "meeting_created",
    "title": "New Meeting Scheduled: for dev",
    "message": "Hetu Patel has invited you to a meeting: \"for dev\" scheduled for 26/1/2026, 8:37:00 am",
    "relatedMeeting": "6976da663522eb9e93d52a6c",
    "relatedProject": "69767e0cff5bfa36a546990c",
    "createdBy": "69767c9bff5bfa36a54698c3",
    "isRead": false,
    "createdAt": "2026-01-26T03:07:18.456Z",
    "expiresAt": "2026-02-25T03:07:18.456Z",
    "updatedAt": "2026-01-26T03:07:18.456Z",
    "__v": 0
  },
  {
    "_id": "69839f63e7d03a1cdaeb5bd6",
    "recipient": "697a033aa1e291e5d82961e2",
    "type": "meeting_created",
    "title": "New Meeting Scheduled: add meeting",
    "message": "Hetu Patel has invited you to a meeting: \"add meeting\" scheduled for 5/2/2026, 1:04:00 am",
    "relatedMeeting": "69839f63e7d03a1cdaeb5bcd",
    "relatedProject": "698397ae6cfe6b063e13d799",
    "createdBy": "69767c9bff5bfa36a54698c3",
    "isRead": false,
    "createdAt": "2026-02-04T19:34:59.571Z",
    "expiresAt": "2026-03-06T19:34:59.571Z",
    "updatedAt": "2026-02-04T19:34:59.571Z",
    "__v": 0
  },
  {
    "_id": "6983a3b45154886bd536fd06",
    "recipient": "69767bffff5bfa36a54698b4",
    "type": "meeting_created",
    "title": "New Meeting Scheduled: qASDFCVB",
    "message": "Hetu Patel has invited you to a meeting: \"qASDFCVB\" scheduled for 5/2/2026, 1:23:00 am",
    "relatedMeeting": "6983a3b45154886bd536fcff",
    "relatedProject": "698397ae6cfe6b063e13d799",
    "createdBy": "69767c9bff5bfa36a54698c3",
    "isRead": false,
    "createdAt": "2026-02-04T19:53:24.752Z",
    "expiresAt": "2026-03-06T19:53:24.752Z",
    "updatedAt": "2026-02-04T19:53:24.752Z",
    "__v": 0
  },
  {
    "_id": "6983a3b45154886bd536fd08",
    "recipient": "697a033aa1e291e5d82961e2",
    "type": "meeting_created",
    "title": "New Meeting Scheduled: qASDFCVB",
    "message": "Hetu Patel has invited you to a meeting: \"qASDFCVB\" scheduled for 5/2/2026, 1:23:00 am",
    "relatedMeeting": "6983a3b45154886bd536fcff",
    "relatedProject": "698397ae6cfe6b063e13d799",
    "createdBy": "69767c9bff5bfa36a54698c3",
    "isRead": false,
    "createdAt": "2026-02-04T19:53:24.792Z",
    "expiresAt": "2026-03-06T19:53:24.792Z",
    "updatedAt": "2026-02-04T19:53:24.792Z",
    "__v": 0
  },
  {
    "_id": "6983a4ada5da50b2489cb123",
    "recipient": "69767bffff5bfa36a54698b4",
    "type": "meeting_created",
    "title": "New Meeting Scheduled: SASDXCVBN",
    "message": "Hetu Patel has invited you to a meeting: \"SASDXCVBN\" scheduled for 5/2/2026, 1:27:00 am",
    "relatedMeeting": "6983a4ada5da50b2489cb11c",
    "relatedProject": "698397ae6cfe6b063e13d799",
    "createdBy": "69767c9bff5bfa36a54698c3",
    "isRead": false,
    "createdAt": "2026-02-04T19:57:33.743Z",
    "expiresAt": "2026-03-06T19:57:33.744Z",
    "updatedAt": "2026-02-04T19:57:33.743Z",
    "__v": 0
  },
  {
    "_id": "6983a4ada5da50b2489cb125",
    "recipient": "697a033aa1e291e5d82961e2",
    "type": "meeting_created",
    "title": "New Meeting Scheduled: SASDXCVBN",
    "message": "Hetu Patel has invited you to a meeting: \"SASDXCVBN\" scheduled for 5/2/2026, 1:27:00 am",
    "relatedMeeting": "6983a4ada5da50b2489cb11c",
    "relatedProject": "698397ae6cfe6b063e13d799",
    "createdBy": "69767c9bff5bfa36a54698c3",
    "isRead": false,
    "createdAt": "2026-02-04T19:57:33.842Z",
    "expiresAt": "2026-03-06T19:57:33.842Z",
    "updatedAt": "2026-02-04T19:57:33.842Z",
    "__v": 0
  },
  {
    "_id": "6983a57a3488c7df7d1fe0f8",
    "recipient": "697a033aa1e291e5d82961e2",
    "type": "meeting_created",
    "title": "New Meeting Scheduled: WQESDF",
    "message": "Hetu Patel has invited you to a meeting: \"WQESDF\" scheduled for 5/2/2026, 1:30:00 am",
    "relatedMeeting": "6983a57a3488c7df7d1fe0ef",
    "relatedProject": "698397ae6cfe6b063e13d799",
    "createdBy": "69767c9bff5bfa36a54698c3",
    "isRead": false,
    "createdAt": "2026-02-04T20:00:58.535Z",
    "expiresAt": "2026-03-06T20:00:58.535Z",
    "updatedAt": "2026-02-04T20:00:58.535Z",
    "__v": 0
  },
  {
    "_id": "69862218bb7956f7bf42f2d0",
    "recipient": "698620d4bb7956f7bf42f1fe",
    "type": "meeting_created",
    "title": "New Meeting Scheduled: for the website",
    "message": "Hetu Patel has invited you to a meeting: \"for the website\" scheduled for 6/2/2026, 10:46:00 pm",
    "relatedMeeting": "69862218bb7956f7bf42f2c9",
    "relatedProject": "698620edbb7956f7bf42f208",
    "createdBy": "69767c9bff5bfa36a54698c3",
    "isRead": false,
    "createdAt": "2026-02-06T17:17:12.622Z",
    "expiresAt": "2026-03-08T17:17:12.622Z",
    "updatedAt": "2026-02-06T17:17:12.622Z",
    "__v": 0
  },
  {
    "_id": "69862218bb7956f7bf42f2d2",
    "recipient": "698620d4bb7956f7bf42f1fe",
    "type": "meeting_created",
    "title": "New Meeting Scheduled: for the website",
    "message": "Hetu Patel has invited you to a meeting: \"for the website\" scheduled for 6/2/2026, 10:46:00 pm",
    "relatedMeeting": "69862218bb7956f7bf42f2c9",
    "relatedProject": "698620edbb7956f7bf42f208",
    "createdBy": "69767c9bff5bfa36a54698c3",
    "isRead": false,
    "createdAt": "2026-02-06T17:17:12.689Z",
    "expiresAt": "2026-03-08T17:17:12.689Z",
    "updatedAt": "2026-02-06T17:17:12.689Z",
    "__v": 0
  }
]