[
  {
    "_id": "698397ae6cfe6b063e13d799",
    "title": "career guidance chatboat",
    "description": "Build a career guidance chatboat using the Ai where student asked the question and chatboat gives the answer",
    "creator": "69767bffff5bfa36a54698b4",
    "students": [
      "69767bffff5bfa36a54698b4"
    ],
    "teamMembers": [
      "697a033aa1e291e5d82961e2"
    ],
    "mentor": "69767c9bff5bfa36a54698c3",
    "startDate": "2026-02-05T00:00:00.000Z",
    "endDate": "2026-02-27T00:00:00.000Z",
    "status": "Active",
    "progress": 8,
    "githubRepoCreatedBy": null,
    "shouldCreateGithubRepo": false,
    "isStuck": false,
    "teamMembersGithub": [],
    "createdAt": "2026-02-04T19:02:06.476Z",
    "updatedAt": "2026-02-06T10:01:03.985Z",
    "__v": 0,
    "githubRepo": "Harikesh0501/odoo-2026",
    "githubRepoUrl": "https://github.com/Harikesh0501/odoo-2026"
  },
  {
    "_id": "69840f7d91b18e047a02b07e",
    "title": "sign language translation",
    "description": "build a sign language trnaslation system which should detect a hand guestrure",
    "creator": "69767bffff5bfa36a54698b4",
    "students": [
      "69767bffff5bfa36a54698b4"
    ],
    "teamMembers": [],
    "mentor": "69767c9bff5bfa36a54698c3",
    "startDate": "2026-02-05T00:00:00.000Z",
    "endDate": "2026-02-16T00:00:00.000Z",
    "status": "Active",
    "progress": 33,
    "githubRepoCreatedBy": null,
    "shouldCreateGithubRepo": false,
    "isStuck": false,
    "teamMembersGithub": [],
    "createdAt": "2026-02-05T03:33:17.847Z",
    "updatedAt": "2026-02-07T09:16:13.923Z",
    "__v": 0,
    "githubRepo": "Harikesh0501/odoo-2026",
    "githubRepoUrl": "https://github.com/Harikesh0501/odoo-2026"
  }
]