[
  {
    "_id": "6978f1b8c2d13ba1632e63da",
    "name": "code quality",
    "project": "6976c606faee1340da5b7446",
    "isGlobal": false,
    "criteria": [
      {
        "name": "c langaue",
        "weight": 1,
        "maxScore": 10,
        "_id": "6978f1b8c2d13ba1632e63db"
      }
    ],
    "createdBy": "69767b68ff5bfa36a54698a3",
    "createdAt": "2026-01-27T17:11:20.792Z",
    "updatedAt": "2026-01-27T17:11:20.792Z",
    "__v": 0
  },
  {
    "_id": "6978fec9c2d13ba1632e6d36",
    "name": "check items",
    "project": "6978fceac2d13ba1632e6aae",
    "isGlobal": false,
    "criteria": [
      {
        "name": "all the checked items",
        "weight": 5,
        "maxScore": 20,
        "_id": "6978fec9c2d13ba1632e6d37"
      },
      {
        "name": "new items",
        "weight": 1,
        "maxScore": 10,
        "_id": "6978fec9c2d13ba1632e6d38"
      }
    ],
    "createdBy": "69767b68ff5bfa36a54698a3",
    "createdAt": "2026-01-27T18:07:05.332Z",
    "updatedAt": "2026-01-27T18:07:05.332Z",
    "__v": 0
  },
  {
    "_id": "697dd36f71ae15a98e8772fa",
    "name": "Sprint 1 review",
    "project": "697b8488e66e6e626265a5e8",
    "isGlobal": false,
    "criteria": [
      {
        "name": "code eqality",
        "weight": 2,
        "maxScore": 10,
        "_id": "697dd36f71ae15a98e8772fb"
      },
      {
        "name": "Ui per",
        "weight": 1,
        "maxScore": 7,
        "_id": "697dd36f71ae15a98e8772fc"
      }
    ],
    "createdBy": "69767b68ff5bfa36a54698a3",
    "createdAt": "2026-01-31T10:03:27.343Z",
    "updatedAt": "2026-01-31T10:03:27.343Z",
    "__v": 0
  },
  {
    "_id": "697dd38471ae15a98e877303",
    "name": "presentation",
    "project": "697b8488e66e6e626265a5e8",
    "isGlobal": false,
    "criteria": [
      {
        "name": "how they present",
        "weight": 1,
        "maxScore": 9,
        "_id": "697dd38471ae15a98e877304"
      }
    ],
    "createdBy": "69767b68ff5bfa36a54698a3",
    "createdAt": "2026-01-31T10:03:48.873Z",
    "updatedAt": "2026-01-31T10:03:48.873Z",
    "__v": 0
  },
  {
    "_id": "6983a9c76ffdf6d6d5c7c03f",
    "name": "Performance Rubric for career guidance chatboat",
    "project": "698397ae6cfe6b063e13d799",
    "isGlobal": false,
    "criteria": [
      {
        "name": "Functionality & Accuracy",
        "description": "Measures how well the chatbot understands student queries and provides accurate, relevant, and helpful career guidance and information.",
        "weight": 3,
        "maxScore": 10,
        "_id": "6983a9c76ffdf6d6d5c7c040"
      },
      {
        "name": "Technical Implementation & Code Quality",
        "description": "Evaluates the clarity, efficiency, maintainability, and adherence to best practices in the code, including effective AI prompt engineering.",
        "weight": 2,
        "maxScore": 10,
        "_id": "6983a9c76ffdf6d6d5c7c041"
      },
      {
        "name": "User Experience (UI/UX)",
        "description": "Assesses the intuitiveness, responsiveness, aesthetic appeal, and overall ease of use of the chat interface for students.",
        "weight": 2,
        "maxScore": 10,
        "_id": "6983a9c76ffdf6d6d5c7c042"
      },
      {
        "name": "Innovation & Creativity",
        "description": "How novel or unique the approach is, any innovative features beyond basic functionality, and the overall creativity in solving the problem.",
        "weight": 2,
        "maxScore": 10,
        "_id": "6983a9c76ffdf6d6d5c7c043"
      },
      {
        "name": "Documentation & Presentation",
        "description": "Clarity and completeness of project documentation (e.g., README, code comments) and effectiveness of the final demo and explanation.",
        "weight": 1,
        "maxScore": 10,
        "_id": "6983a9c76ffdf6d6d5c7c044"
      },
      {
        "name": "Teamwork & Collaboration",
        "description": "Evidence of effective task distribution, communication, conflict resolution, and overall collaborative spirit among team members.",
        "weight": 1,
        "maxScore": 10,
        "_id": "6983a9c76ffdf6d6d5c7c045"
      }
    ],
    "createdBy": "69767c9bff5bfa36a54698c3",
    "createdAt": "2026-02-04T20:19:19.194Z",
    "updatedAt": "2026-02-04T20:19:19.194Z",
    "__v": 0
  },
  {
    "_id": "6983ac9aafb8ded663d1cf11",
    "name": "Performance Rubric for Porject Management System",
    "project": "6983ac75afb8ded663d1cebc",
    "isGlobal": false,
    "criteria": [
      {
        "name": "Code Quality & Maintainability",
        "description": "Measures the readability, organization, adherence to coding standards, use of best practices, and error handling within the codebase.",
        "weight": 2,
        "maxScore": 10,
        "_id": "6983ac9aafb8ded663d1cf12"
      },
      {
        "name": "Functionality & Completeness",
        "description": "Evaluates how completely the core features are implemented, the robustness of the system, and the absence of critical bugs.",
        "weight": 3,
        "maxScore": 10,
        "_id": "6983ac9aafb8ded663d1cf13"
      },
      {
        "name": "User Experience (UX) & Design",
        "description": "Assesses the intuitiveness, ease of use, aesthetic appeal of the interface, and responsiveness across different devices.",
        "weight": 2,
        "maxScore": 10,
        "_id": "6983ac9aafb8ded663d1cf14"
      },
      {
        "name": "Innovation & Creativity",
        "description": "Considers the uniqueness of the solution, any additional features beyond basic requirements, and clever implementation details.",
        "weight": 2,
        "maxScore": 10,
        "_id": "6983ac9aafb8ded663d1cf15"
      },
      {
        "name": "Documentation & Setup",
        "description": "Reviews the clarity and completeness of project documentation, including setup instructions, API endpoints, and usage guides.",
        "weight": 1,
        "maxScore": 10,
        "_id": "6983ac9aafb8ded663d1cf16"
      },
      {
        "name": "Team Collaboration & Version Control",
        "description": "Evaluates the effectiveness of teamwork, contribution distribution, and proper usage of version control (e.g., Git/GitHub).",
        "weight": 1,
        "maxScore": 10,
        "_id": "6983ac9aafb8ded663d1cf17"
      }
    ],
    "createdBy": "69767c9bff5bfa36a54698c3",
    "createdAt": "2026-02-04T20:31:22.147Z",
    "updatedAt": "2026-02-04T20:31:22.147Z",
    "__v": 0
  },
  {
    "_id": "69840fd791b18e047a02b0f7",
    "name": "Performance Rubric for sign language translation",
    "project": "69840f7d91b18e047a02b07e",
    "isGlobal": false,
    "criteria": [
      {
        "name": "Code Quality & Maintainability",
        "description": "Measures the readability, organization, commenting, and overall structure of the codebase. Includes use of best practices.",
        "weight": 2,
        "maxScore": 10,
        "_id": "69840fd791b18e047a02b0f8"
      },
      {
        "name": "Functionality & Accuracy",
        "description": "Evaluates the effectiveness and reliability of hand gesture detection and the accuracy of the sign language translation.",
        "weight": 3,
        "maxScore": 10,
        "_id": "69840fd791b18e047a02b0f9"
      },
      {
        "name": "Technical Design & Innovation",
        "description": "Assesses the creativity, novelty, and technical sophistication of the chosen approach and implementation.",
        "weight": 2,
        "maxScore": 10,
        "_id": "69840fd791b18e047a02b0fa"
      },
      {
        "name": "User Experience & Presentation",
        "description": "Measures the clarity, intuitiveness, and overall presentation of the system's output or user interface.",
        "weight": 1,
        "maxScore": 10,
        "_id": "69840fd791b18e047a02b0fb"
      },
      {
        "name": "Documentation & Project Management",
        "description": "Evaluates the completeness and clarity of project documentation (e.g., README, design choices) and adherence to project plan.",
        "weight": 1,
        "maxScore": 10,
        "_id": "69840fd791b18e047a02b0fc"
      },
      {
        "name": "Teamwork & Collaboration",
        "description": "Assesses the team's ability to work together, distribute tasks effectively, and communicate progress.",
        "weight": 1,
        "maxScore": 10,
        "_id": "69840fd791b18e047a02b0fd"
      }
    ],
    "createdBy": "69767c9bff5bfa36a54698c3",
    "createdAt": "2026-02-05T03:34:47.753Z",
    "updatedAt": "2026-02-05T03:34:47.753Z",
    "__v": 0
  },
  {
    "_id": "69862192bb7956f7bf42f29b",
    "name": "Performance Rubric for Food delivery system",
    "project": "698620edbb7956f7bf42f208",
    "isGlobal": false,
    "criteria": [
      {
        "name": "Functionality & Completeness",
        "description": "How many core features (user auth, restaurant view, ordering, tracking) are implemented and working correctly?",
        "weight": 3,
        "maxScore": 10,
        "_id": "69862192bb7956f7bf42f29c"
      },
      {
        "name": "Code Quality & Architecture",
        "description": "Evaluation of code readability, maintainability, adherence to best practices, and logical separation of concerns (frontend/backend).",
        "weight": 2,
        "maxScore": 10,
        "_id": "69862192bb7956f7bf42f29d"
      },
      {
        "name": "User Experience (UX) & Interface (UI)",
        "description": "Assessment of the application's ease of use, intuitiveness, visual design, and responsiveness.",
        "weight": 2,
        "maxScore": 10,
        "_id": "69862192bb7956f7bf42f29e"
      },
      {
        "name": "Documentation & Presentation",
        "description": "Clarity and completeness of README, API documentation, and overall project explanation during demo.",
        "weight": 1,
        "maxScore": 10,
        "_id": "69862192bb7956f7bf42f29f"
      },
      {
        "name": "Innovation & Extra Features",
        "description": "Originality of ideas, implementation of unique features beyond the basic requirements, or creative problem-solving.",
        "weight": 2,
        "maxScore": 10,
        "_id": "69862192bb7956f7bf42f2a0"
      }
    ],
    "createdBy": "69767c9bff5bfa36a54698c3",
    "createdAt": "2026-02-06T17:14:58.387Z",
    "updatedAt": "2026-02-06T17:14:58.387Z",
    "__v": 0
  }
]