[
  {
    "_id": "6978f17fc2d13ba1632e63d0",
    "name": "addd fast work",
    "project": "6976c606faee1340da5b7446",
    "startDate": "2026-01-27T00:00:00.000Z",
    "endDate": "2026-01-28T00:00:00.000Z",
    "goal": "fast work",
    "status": "Planned",
    "createdAt": "2026-01-27T17:10:23.023Z",
    "updatedAt": "2026-01-27T17:10:23.023Z",
    "__v": 0
  },
  {
    "_id": "6978f9c3c2d13ba1632e69de",
    "name": "add slow",
    "project": "6976c606faee1340da5b7446",
    "startDate": "2026-01-27T00:00:00.000Z",
    "endDate": "2026-01-30T00:00:00.000Z",
    "goal": "hhhh",
    "status": "Planned",
    "createdAt": "2026-01-27T17:45:39.441Z",
    "updatedAt": "2026-01-27T17:45:39.441Z",
    "__v": 0
  },
  {
    "_id": "6978fe09c2d13ba1632e6c9f",
    "name": "solve for ingardients",
    "project": "6978fceac2d13ba1632e6aae",
    "startDate": "2026-01-27T00:00:00.000Z",
    "endDate": "2026-01-27T00:00:00.000Z",
    "goal": "which ingradients are used",
    "status": "Planned",
    "createdAt": "2026-01-27T18:03:53.568Z",
    "updatedAt": "2026-01-27T18:03:53.568Z",
    "__v": 0
  },
  {
    "_id": "6978fe2dc2d13ba1632e6ca7",
    "name": "how to mix that",
    "project": "6978fceac2d13ba1632e6aae",
    "startDate": "2026-01-27T00:00:00.000Z",
    "endDate": "2026-01-28T00:00:00.000Z",
    "goal": "explain how are we used",
    "status": "Planned",
    "createdAt": "2026-01-27T18:04:29.432Z",
    "updatedAt": "2026-01-27T18:04:29.432Z",
    "__v": 0
  },
  {
    "_id": "6978fe3dc2d13ba1632e6caf",
    "name": "create a bom",
    "project": "6978fceac2d13ba1632e6aae",
    "startDate": "2026-01-27T00:00:00.000Z",
    "endDate": "2026-01-29T00:00:00.000Z",
    "goal": "final done ",
    "status": "Planned",
    "createdAt": "2026-01-27T18:04:45.892Z",
    "updatedAt": "2026-01-27T18:04:45.892Z",
    "__v": 0
  },
  {
    "_id": "69790598c2d13ba1632e712a",
    "name": "all done",
    "project": "6978fceac2d13ba1632e6aae",
    "startDate": "2026-01-28T00:00:00.000Z",
    "endDate": "2026-01-30T00:00:00.000Z",
    "goal": "sdcds",
    "status": "Planned",
    "createdAt": "2026-01-27T18:36:08.544Z",
    "updatedAt": "2026-01-27T18:36:08.544Z",
    "__v": 0
  },
  {
    "_id": "697b8727e66e6e626265aa79",
    "name": "FIRST ADD THE ENGINE ",
    "project": "697b8488e66e6e626265a5e8",
    "startDate": "2026-01-29T00:00:00.000Z",
    "endDate": "2026-01-31T00:00:00.000Z",
    "goal": "FAST WORK",
    "status": "Planned",
    "createdAt": "2026-01-29T16:13:27.745Z",
    "updatedAt": "2026-01-29T16:13:27.745Z",
    "__v": 0
  },
  {
    "_id": "697b8741e66e6e626265aa81",
    "name": "ADD THE LEVAL FAST WORK",
    "project": "697b8488e66e6e626265a5e8",
    "startDate": "2026-01-31T00:00:00.000Z",
    "endDate": "2026-02-02T00:00:00.000Z",
    "goal": "FAST WORK",
    "status": "Planned",
    "createdAt": "2026-01-29T16:13:53.911Z",
    "updatedAt": "2026-01-29T16:13:53.911Z",
    "__v": 0
  },
  {
    "_id": "697b8751e66e6e626265aa89",
    "name": "ADD THE FAST PRO",
    "project": "697b8488e66e6e626265a5e8",
    "startDate": "2026-02-02T00:00:00.000Z",
    "endDate": "2026-02-05T00:00:00.000Z",
    "goal": "FAST WORK",
    "status": "Planned",
    "createdAt": "2026-01-29T16:14:09.804Z",
    "updatedAt": "2026-01-29T16:14:09.804Z",
    "__v": 0
  },
  {
    "_id": "69839edfe7d03a1cdaeb5abf",
    "name": "create file",
    "project": "698397ae6cfe6b063e13d799",
    "startDate": "2026-02-05T00:00:00.000Z",
    "endDate": "2026-02-09T00:00:00.000Z",
    "goal": "wqsda",
    "status": "Planned",
    "createdAt": "2026-02-04T19:32:47.500Z",
    "updatedAt": "2026-02-04T19:32:47.500Z",
    "__v": 0
  },
  {
    "_id": "69839ef3e7d03a1cdaeb5ac8",
    "name": "create database model",
    "project": "698397ae6cfe6b063e13d799",
    "startDate": "2026-02-09T00:00:00.000Z",
    "endDate": "2026-02-12T00:00:00.000Z",
    "goal": "wqsda",
    "status": "Planned",
    "createdAt": "2026-02-04T19:33:07.571Z",
    "updatedAt": "2026-02-04T19:33:07.571Z",
    "__v": 0
  },
  {
    "_id": "6983a9c66ffdf6d6d5c7c033",
    "name": "Sprint 1: Foundation & Core AI Integration",
    "project": "698397ae6cfe6b063e13d799",
    "startDate": "2026-02-04T20:19:18.991Z",
    "endDate": "2026-02-11T20:19:18.991Z",
    "goal": "Establish project infrastructure and achieve initial AI backend functionality for basic query processing.",
    "status": "Planned",
    "createdAt": "2026-02-04T20:19:18.999Z",
    "updatedAt": "2026-02-04T20:19:18.999Z",
    "__v": 0
  },
  {
    "_id": "6983a9c76ffdf6d6d5c7c035",
    "name": "Sprint 2: User Interface & Basic Interaction",
    "project": "698397ae6cfe6b063e13d799",
    "startDate": "2026-02-11T20:19:18.992Z",
    "endDate": "2026-02-18T20:19:18.992Z",
    "goal": "Develop a functional web UI for user interaction and integrate it with the AI backend to enable core chat functionality.",
    "status": "Planned",
    "createdAt": "2026-02-04T20:19:19.003Z",
    "updatedAt": "2026-02-04T20:19:19.003Z",
    "__v": 0
  },
  {
    "_id": "6983a9c76ffdf6d6d5c7c037",
    "name": "Sprint 3: Refinement, Testing & Deployment Prep",
    "project": "698397ae6cfe6b063e13d799",
    "startDate": "2026-02-18T20:19:18.992Z",
    "endDate": "2026-02-25T20:19:18.992Z",
    "goal": "Polish UI/UX, implement error handling, conduct thorough testing, and prepare the chatbot for final presentation and potential deployment.",
    "status": "Planned",
    "createdAt": "2026-02-04T20:19:19.010Z",
    "updatedAt": "2026-02-04T20:19:19.010Z",
    "__v": 0
  },
  {
    "_id": "6983ac99afb8ded663d1cef7",
    "name": "Sprint 1: Foundation & Setup",
    "project": "6983ac75afb8ded663d1cebc",
    "startDate": "2026-02-04T20:31:21.269Z",
    "endDate": "2026-02-11T20:31:21.269Z",
    "goal": "Establish core project structure, development environment, and basic user authentication.",
    "status": "Planned",
    "createdAt": "2026-02-04T20:31:21.275Z",
    "updatedAt": "2026-02-04T20:31:21.275Z",
    "__v": 0
  },
  {
    "_id": "6983ac99afb8ded663d1cef9",
    "name": "Sprint 2: Core Features Implementation",
    "project": "6983ac75afb8ded663d1cebc",
    "startDate": "2026-02-11T20:31:21.269Z",
    "endDate": "2026-02-18T20:31:21.269Z",
    "goal": "Develop key functionalities for project creation, task management, and collaborative features.",
    "status": "Planned",
    "createdAt": "2026-02-04T20:31:21.278Z",
    "updatedAt": "2026-02-04T20:31:21.278Z",
    "__v": 0
  },
  {
    "_id": "6983ac99afb8ded663d1cefb",
    "name": "Sprint 3: Admin Dashboard, Polish & Testing",
    "project": "6983ac75afb8ded663d1cebc",
    "startDate": "2026-02-18T20:31:21.270Z",
    "endDate": "2026-02-25T20:31:21.270Z",
    "goal": "Implement admin functionalities, refine UI/UX, perform comprehensive testing, and prepare for deployment.",
    "status": "Planned",
    "createdAt": "2026-02-04T20:31:21.281Z",
    "updatedAt": "2026-02-04T20:31:21.281Z",
    "__v": 0
  },
  {
    "_id": "69840fd791b18e047a02b0db",
    "name": "Sprint 0: Foundation & Data Acquisition",
    "project": "69840f7d91b18e047a02b07e",
    "startDate": "2026-02-05T03:34:47.289Z",
    "endDate": "2026-02-12T03:34:47.289Z",
    "goal": "Establish core development environment, acquire initial data, and build a basic hand gesture detection proof-of-concept.",
    "status": "Planned",
    "createdAt": "2026-02-05T03:34:47.304Z",
    "updatedAt": "2026-02-05T03:34:47.304Z",
    "__v": 0
  },
  {
    "_id": "69840fd791b18e047a02b0dd",
    "name": "Sprint 1: Core Model Development",
    "project": "69840f7d91b18e047a02b07e",
    "startDate": "2026-02-12T03:34:47.290Z",
    "endDate": "2026-02-22T03:34:47.290Z",
    "goal": "Develop and train the primary machine learning model for gesture classification and implement initial translation logic.",
    "status": "Planned",
    "createdAt": "2026-02-05T03:34:47.311Z",
    "updatedAt": "2026-02-05T03:34:47.311Z",
    "__v": 0
  },
  {
    "_id": "69840fd791b18e047a02b0df",
    "name": "Sprint 2: Integration & Refinement",
    "project": "69840f7d91b18e047a02b07e",
    "startDate": "2026-02-22T03:34:47.290Z",
    "endDate": "2026-03-01T03:34:47.290Z",
    "goal": "Integrate real-time gesture detection with the classification model, develop a basic user interface, and perform testing and bug fixing.",
    "status": "Planned",
    "createdAt": "2026-02-05T03:34:47.319Z",
    "updatedAt": "2026-02-05T03:34:47.319Z",
    "__v": 0
  },
  {
    "_id": "69862192bb7956f7bf42f27f",
    "name": "Sprint 1: Foundation & Backend Core",
    "project": "698620edbb7956f7bf42f208",
    "startDate": "2026-02-06T17:14:58.083Z",
    "endDate": "2026-02-13T17:14:58.083Z",
    "goal": "Establish project infrastructure, implement user authentication, and design core data models for restaurants and menus.",
    "status": "Planned",
    "createdAt": "2026-02-06T17:14:58.088Z",
    "updatedAt": "2026-02-06T17:14:58.088Z",
    "__v": 0
  },
  {
    "_id": "69862192bb7956f7bf42f283",
    "name": "Sprint 3: Frontend UI, Polish & Deployment",
    "project": "698620edbb7956f7bf42f208",
    "startDate": "2026-02-23T17:14:58.083Z",
    "endDate": "2026-03-02T17:14:58.083Z",
    "goal": "Complete the user interface, implement shopping cart and checkout flows, add order tracking, and prepare the application for demonstration.",
    "status": "Planned",
    "createdAt": "2026-02-06T17:14:58.094Z",
    "updatedAt": "2026-02-06T17:14:58.094Z",
    "__v": 0
  },
  {
    "_id": "69862192bb7956f7bf42f281",
    "name": "Sprint 2: Order Management & Core Logic",
    "project": "698620edbb7956f7bf42f208",
    "startDate": "2026-02-13T17:14:58.083Z",
    "endDate": "2026-02-23T17:14:58.083Z",
    "goal": "Develop backend APIs for order creation, management, and integrate them with the data models. Begin basic frontend integration.",
    "status": "Planned",
    "createdAt": "2026-02-06T17:14:58.091Z",
    "updatedAt": "2026-02-06T17:14:58.091Z",
    "__v": 0
  }
]